date,day,holiday
20090101,THU,1
20090102,FRI,0
20090103,Sat,1
20090104,Sun,1
20090105,Mon,0
20090106,Tue,0
20090107,Wed,0
20090108,Thu,0
20090109,Fri,0
20090110,Sat,1
20090111,Sun,1
20090112,Mon,0
20090113,Tue,0
20090114,Wed,0
20090115,Thu,0
20090116,Fri,0
20090117,Sat,1
20090118,Sun,1
20090119,Mon,0
20090120,Tue,0
20090121,Wed,0
20090122,Thu,0
20090123,Fri,0
20090124,Sat,1
20090125,Sun,1
20090126,Mon,1
20090127,Tue,1
20090128,Wed,0
20090129,Thu,0
20090130,Fri,0
20090131,Sat,1
20090201,Sun,1
20090202,Mon,0
20090203,Tue,0
20090204,Wed,0
20090205,Thu,0
20090206,Fri,0
20090207,Sat,1
20090208,Sun,1
20090209,Mon,0
20090210,Tue,0
20090211,Wed,0
20090212,Thu,0
20090213,Fri,0
20090214,Sat,1
20090215,Sun,1
20090216,Mon,0
20090217,Tue,0
20090218,Wed,0
20090219,Thu,0
20090220,Fri,0
20090221,Sat,1
20090222,Sun,1
20090223,Mon,0
20090224,Tue,0
20090225,Wed,0
20090226,Thu,0
20090227,Fri,0
20090228,Sat,1
20090301,Sun,1
20090302,Mon,0
20090303,Tue,0
20090304,Wed,0
20090305,Thu,0
20090306,Fri,0
20090307,Sat,1
20090308,Sun,1
20090309,Mon,0
20090310,Tue,0
20090311,Wed,0
20090312,Thu,0
20090313,Fri,0
20090314,Sat,1
20090315,Sun,1
20090316,Mon,0
20090317,Tue,0
20090318,Wed,0
20090319,Thu,0
20090320,Fri,0
20090321,Sat,1
20090322,Sun,1
20090323,Mon,0
20090324,Tue,0
20090325,Wed,0
20090326,Thu,0
20090327,Fri,0
20090328,Sat,1
20090329,Sun,1
20090330,Mon,0
20090331,Tue,0
20090401,Wed,0
20090402,Thu,0
20090403,Fri,0
20090404,Sat,1
20090405,Sun,1
20090406,Mon,0
20090407,Tue,0
20090408,Wed,0
20090409,Thu,0
20090410,Fri,0
20090411,Sat,1
20090412,Sun,1
20090413,Mon,0
20090414,Tue,0
20090415,Wed,0
20090416,Thu,0
20090417,Fri,0
20090418,Sat,1
20090419,Sun,1
20090420,Mon,0
20090421,Tue,0
20090422,Wed,0
20090423,Thu,0
20090424,Fri,0
20090425,Sat,1
20090426,Sun,1
20090427,Mon,0
20090428,Tue,0
20090429,Wed,0
20090430,Thu,0
20090501,Fri,1
20090502,Sat,1
20090503,Sun,1
20090504,Mon,0
20090505,Tue,1
20090506,Wed,0
20090507,Thu,0
20090508,Fri,0
20090509,Sat,1
20090510,Sun,1
20090511,Mon,0
20090512,Tue,0
20090513,Wed,0
20090514,Thu,0
20090515,Fri,0
20090516,Sat,1
20090517,Sun,1
20090518,Mon,0
20090519,Tue,0
20090520,Wed,0
20090521,Thu,0
20090522,Fri,0
20090523,Sat,1
20090524,Sun,1
20090525,Mon,0
20090526,Tue,0
20090527,Wed,0
20090528,Thu,0
20090529,Fri,0
20090530,Sat,1
20090531,Sun,1
20090601,Mon,0
20090602,Tue,0
20090603,Wed,0
20090604,Thu,0
20090605,Fri,0
20090606,Sat,1
20090607,Sun,1
20090608,Mon,0
20090609,Tue,0
20090610,Wed,0
20090611,Thu,0
20090612,Fri,0
20090613,Sat,1
20090614,Sun,1
20090615,Mon,0
20090616,Tue,0
20090617,Wed,0
20090618,Thu,0
20090619,Fri,0
20090620,Sat,1
20090621,Sun,1
20090622,Mon,0
20090623,Tue,0
20090624,Wed,0
20090625,Thu,0
20090626,Fri,0
20090627,Sat,1
20090628,Sun,1
20090629,Mon,0
20090630,Tue,0
20090701,Wed,0
20090702,Thu,0
20090703,Fri,0
20090704,Sat,1
20090705,Sun,1
20090706,Mon,0
20090707,Tue,0
20090708,Wed,0
20090709,Thu,0
20090710,Fri,0
20090711,Sat,1
20090712,Sun,1
20090713,Mon,0
20090714,Tue,0
20090715,Wed,0
20090716,Thu,0
20090717,Fri,0
20090718,Sat,1
20090719,Sun,1
20090720,Mon,0
20090721,Tue,0
20090722,Wed,0
20090723,Thu,0
20090724,Fri,0
20090725,Sat,1
20090726,Sun,1
20090727,Mon,0
20090728,Tue,0
20090729,Wed,0
20090730,Thu,0
20090731,Fri,0
20090801,Sat,1
20090802,Sun,1
20090803,Mon,0
20090804,Tue,0
20090805,Wed,0
20090806,Thu,0
20090807,Fri,0
20090808,Sat,1
20090809,Sun,1
20090810,Mon,0
20090811,Tue,0
20090812,Wed,0
20090813,Thu,0
20090814,Fri,0
20090815,Sat,1
20090816,Sun,1
20090817,Mon,0
20090818,Tue,0
20090819,Wed,0
20090820,Thu,0
20090821,Fri,0
20090822,Sat,1
20090823,Sun,1
20090824,Mon,0
20090825,Tue,0
20090826,Wed,0
20090827,Thu,0
20090828,Fri,0
20090829,Sat,1
20090830,Sun,1
20090831,Mon,0
20090901,Tue,0
20090902,Wed,0
20090903,Thu,0
20090904,Fri,0
20090905,Sat,1
20090906,Sun,1
20090907,Mon,0
20090908,Tue,0
20090909,Wed,0
20090910,Thu,0
20090911,Fri,0
20090912,Sat,1
20090913,Sun,1
20090914,Mon,0
20090915,Tue,0
20090916,Wed,0
20090917,Thu,0
20090918,Fri,0
20090919,Sat,1
20090920,Sun,1
20090921,Mon,0
20090922,Tue,0
20090923,Wed,0
20090924,Thu,0
20090925,Fri,0
20090926,Sat,1
20090927,Sun,1
20090928,Mon,0
20090929,Tue,0
20090930,Wed,0
20091001,Thu,0
20091002,Fri,1
20091003,Sat,1
20091004,Sun,1
20091005,Mon,0
20091006,Tue,0
20091007,Wed,0
20091008,Thu,0
20091009,Fri,0
20091010,Sat,1
20091011,Sun,1
20091012,Mon,0
20091013,Tue,0
20091014,Wed,0
20091015,Thu,0
20091016,Fri,0
20091017,Sat,1
20091018,Sun,1
20091019,Mon,0
20091020,Tue,0
20091021,Wed,0
20091022,Thu,0
20091023,Fri,0
20091024,Sat,1
20091025,Sun,1
20091026,Mon,0
20091027,Tue,0
20091028,Wed,0
20091029,Thu,0
20091030,Fri,0
20091031,Sat,1
20091101,Sun,1
20091102,Mon,0
20091103,Tue,0
20091104,Wed,0
20091105,Thu,0
20091106,Fri,0
20091107,Sat,1
20091108,Sun,1
20091109,Mon,0
20091110,Tue,0
20091111,Wed,0
20091112,Thu,0
20091113,Fri,0
20091114,Sat,1
20091115,Sun,1
20091116,Mon,0
20091117,Tue,0
20091118,Wed,0
20091119,Thu,0
20091120,Fri,0
20091121,Sat,1
20091122,Sun,1
20091123,Mon,0
20091124,Tue,0
20091125,Wed,0
20091126,Thu,0
20091127,Fri,0
20091128,Sat,1
20091129,Sun,1
20091130,Mon,0
20091201,Tue,0
20091202,Wed,0
20091203,Thu,0
20091204,Fri,0
20091205,Sat,1
20091206,Sun,1
20091207,Mon,0
20091208,Tue,0
20091209,Wed,0
20091210,Thu,0
20091211,Fri,0
20091212,Sat,1
20091213,Sun,1
20091214,Mon,0
20091215,Tue,0
20091216,Wed,0
20091217,Thu,0
20091218,Fri,0
20091219,Sat,1
20091220,Sun,1
20091221,Mon,0
20091222,Tue,0
20091223,Wed,0
20091224,Thu,0
20091225,Fri,1
20091226,Sat,1
20091227,Sun,1
20091228,Mon,0
20091229,Tue,0
20091230,Wed,0
20091231,Thu,1
20100101,Fri,1
20100102,Sat,1
20100103,Sun,1
20100104,Mon,0
20100105,Tue,0
20100106,Wed,0
20100107,Thu,0
20100108,Fri,0
20100109,Sat,1
20100110,Sun,1
20100111,Mon,0
20100112,Tue,0
20100113,Wed,0
20100114,Thu,0
20100115,Fri,0
20100116,Sat,1
20100117,Sun,1
20100118,Mon,0
20100119,Tue,0
20100120,Wed,0
20100121,Thu,0
20100122,Fri,0
20100123,Sat,1
20100124,Sun,1
20100125,Mon,0
20100126,Tue,0
20100127,Wed,0
20100128,Thu,0
20100129,Fri,0
20100130,Sat,1
20100131,Sun,1
20100201,Mon,0
20100202,Tue,0
20100203,Wed,0
20100204,Thu,0
20100205,Fri,0
20100206,Sat,1
20100207,Sun,1
20100208,Mon,0
20100209,Tue,0
20100210,Wed,0
20100211,Thu,0
20100212,Fri,0
20100213,Sat,1
20100214,Sun,1
20100215,Mon,1
20100216,Tue,0
20100217,Wed,0
20100218,Thu,0
20100219,Fri,0
20100220,Sat,1
20100221,Sun,1
20100222,Mon,0
20100223,Tue,0
20100224,Wed,0
20100225,Thu,0
20100226,Fri,0
20100227,Sat,1
20100228,Sun,1
20100301,Mon,1
20100302,Tue,0
20100303,Wed,0
20100304,Thu,0
20100305,Fri,0
20100306,Sat,1
20100307,Sun,1
20100308,Mon,0
20100309,Tue,0
20100310,Wed,0
20100311,Thu,0
20100312,Fri,0
20100313,Sat,1
20100314,Sun,1
20100315,Mon,0
20100316,Tue,0
20100317,Wed,0
20100318,Thu,0
20100319,Fri,0
20100320,Sat,1
20100321,Sun,1
20100322,Mon,0
20100323,Tue,0
20100324,Wed,0
20100325,Thu,0
20100326,Fri,0
20100327,Sat,1
20100328,Sun,1
20100329,Mon,0
20100330,Tue,0
20100331,Wed,0
20100401,Thu,0
20100402,Fri,0
20100403,Sat,1
20100404,Sun,1
20100405,Mon,0
20100406,Tue,0
20100407,Wed,0
20100408,Thu,0
20100409,Fri,0
20100410,Sat,1
20100411,Sun,1
20100412,Mon,0
20100413,Tue,0
20100414,Wed,0
20100415,Thu,0
20100416,Fri,0
20100417,Sat,1
20100418,Sun,1
20100419,Mon,0
20100420,Tue,0
20100421,Wed,0
20100422,Thu,0
20100423,Fri,0
20100424,Sat,1
20100425,Sun,1
20100426,Mon,0
20100427,Tue,0
20100428,Wed,0
20100429,Thu,0
20100430,Fri,0
20100501,Sat,1
20100502,Sun,1
20100503,Mon,0
20100504,Tue,0
20100505,Wed,1
20100506,Thu,0
20100507,Fri,0
20100508,Sat,1
20100509,Sun,1
20100510,Mon,0
20100511,Tue,0
20100512,Wed,0
20100513,Thu,0
20100514,Fri,0
20100515,Sat,1
20100516,Sun,1
20100517,Mon,0
20100518,Tue,0
20100519,Wed,0
20100520,Thu,0
20100521,Fri,1
20100522,Sat,1
20100523,Sun,1
20100524,Mon,0
20100525,Tue,0
20100526,Wed,0
20100527,Thu,0
20100528,Fri,0
20100529,Sat,1
20100530,Sun,1
20100531,Mon,0
20100601,Tue,0
20100602,Wed,1
20100603,Thu,0
20100604,Fri,0
20100605,Sat,1
20100606,Sun,1
20100607,Mon,0
20100608,Tue,0
20100609,Wed,0
20100610,Thu,0
20100611,Fri,0
20100612,Sat,1
20100613,Sun,1
20100614,Mon,0
20100615,Tue,0
20100616,Wed,0
20100617,Thu,0
20100618,Fri,0
20100619,Sat,1
20100620,Sun,1
20100621,Mon,0
20100622,Tue,0
20100623,Wed,0
20100624,Thu,0
20100625,Fri,0
20100626,Sat,1
20100627,Sun,1
20100628,Mon,0
20100629,Tue,0
20100630,Wed,0
20100701,Thu,0
20100702,Fri,0
20100703,Sat,1
20100704,Sun,1
20100705,Mon,0
20100706,Tue,0
20100707,Wed,0
20100708,Thu,0
20100709,Fri,0
20100710,Sat,1
20100711,Sun,1
20100712,Mon,0
20100713,Tue,0
20100714,Wed,0
20100715,Thu,0
20100716,Fri,0
20100717,Sat,1
20100718,Sun,1
20100719,Mon,0
20100720,Tue,0
20100721,Wed,0
20100722,Thu,0
20100723,Fri,0
20100724,Sat,1
20100725,Sun,1
20100726,Mon,0
20100727,Tue,0
20100728,Wed,0
20100729,Thu,0
20100730,Fri,0
20100731,Sat,1
20100801,Sun,1
20100802,Mon,0
20100803,Tue,0
20100804,Wed,0
20100805,Thu,0
20100806,Fri,0
20100807,Sat,1
20100808,Sun,1
20100809,Mon,0
20100810,Tue,0
20100811,Wed,0
20100812,Thu,0
20100813,Fri,0
20100814,Sat,1
20100815,Sun,1
20100816,Mon,0
20100817,Tue,0
20100818,Wed,0
20100819,Thu,0
20100820,Fri,0
20100821,Sat,1
20100822,Sun,1
20100823,Mon,0
20100824,Tue,0
20100825,Wed,0
20100826,Thu,0
20100827,Fri,0
20100828,Sat,1
20100829,Sun,1
20100830,Mon,0
20100831,Tue,0
20100901,Wed,0
20100902,Thu,0
20100903,Fri,0
20100904,Sat,1
20100905,Sun,1
20100906,Mon,0
20100907,Tue,0
20100908,Wed,0
20100909,Thu,0
20100910,Fri,0
20100911,Sat,1
20100912,Sun,1
20100913,Mon,0
20100914,Tue,0
20100915,Wed,0
20100916,Thu,0
20100917,Fri,0
20100918,Sat,1
20100919,Sun,1
20100920,Mon,0
20100921,Tue,1
20100922,Wed,1
20100923,Thu,1
20100924,Fri,0
20100925,Sat,1
20100926,Sun,1
20100927,Mon,0
20100928,Tue,0
20100929,Wed,0
20100930,Thu,0
20101001,Fri,0
20101002,Sat,1
20101003,Sun,1
20101004,Mon,0
20101005,Tue,0
20101006,Wed,0
20101007,Thu,0
20101008,Fri,0
20101009,Sat,1
20101010,Sun,1
20101011,Mon,0
20101012,Tue,0
20101013,Wed,0
20101014,Thu,0
20101015,Fri,0
20101016,Sat,1
20101017,Sun,1
20101018,Mon,0
20101019,Tue,0
20101020,Wed,0
20101021,Thu,0
20101022,Fri,0
20101023,Sat,1
20101024,Sun,1
20101025,Mon,0
20101026,Tue,0
20101027,Wed,0
20101028,Thu,0
20101029,Fri,0
20101030,Sat,1
20101031,Sun,1
20101101,Mon,0
20101102,Tue,0
20101103,Wed,0
20101104,Thu,0
20101105,Fri,0
20101106,Sat,1
20101107,Sun,1
20101108,Mon,0
20101109,Tue,0
20101110,Wed,0
20101111,Thu,0
20101112,Fri,0
20101113,Sat,1
20101114,Sun,1
20101115,Mon,0
20101116,Tue,0
20101117,Wed,0
20101118,Thu,0
20101119,Fri,0
20101120,Sat,1
20101121,Sun,1
20101122,Mon,0
20101123,Tue,0
20101124,Wed,0
20101125,Thu,0
20101126,Fri,0
20101127,Sat,1
20101128,Sun,1
20101129,Mon,0
20101130,Tue,0
20101201,Wed,0
20101202,Thu,0
20101203,Fri,0
20101204,Sat,1
20101205,Sun,1
20101206,Mon,0
20101207,Tue,0
20101208,Wed,0
20101209,Thu,0
20101210,Fri,0
20101211,Sat,1
20101212,Sun,1
20101213,Mon,0
20101214,Tue,0
20101215,Wed,0
20101216,Thu,0
20101217,Fri,0
20101218,Sat,1
20101219,Sun,1
20101220,Mon,0
20101221,Tue,0
20101222,Wed,0
20101223,Thu,0
20101224,Fri,0
20101225,Sat,1
20101226,Sun,1
20101227,Mon,0
20101228,Tue,0
20101229,Wed,0
20101230,Thu,0
20101231,Fri,1
20110101,Sat,1
20110102,Sun,1
20110103,Mon,0
20110104,Tue,0
20110105,Wed,0
20110106,Thu,0
20110107,Fri,0
20110108,Sat,1
20110109,Sun,1
20110110,Mon,0
20110111,Tue,0
20110112,Wed,0
20110113,Thu,0
20110114,Fri,0
20110115,Sat,1
20110116,Sun,1
20110117,Mon,0
20110118,Tue,0
20110119,Wed,0
20110120,Thu,0
20110121,Fri,0
20110122,Sat,1
20110123,Sun,1
20110124,Mon,0
20110125,Tue,0
20110126,Wed,0
20110127,Thu,0
20110128,Fri,0
20110129,Sat,1
20110130,Sun,1
20110131,Mon,0
20110201,Tue,0
20110202,Wed,1
20110203,Thu,1
20110204,Fri,1
20110205,Sat,1
20110206,Sun,1
20110207,Mon,0
20110208,Tue,0
20110209,Wed,0
20110210,Thu,0
20110211,Fri,0
20110212,Sat,1
20110213,Sun,1
20110214,Mon,0
20110215,Tue,0
20110216,Wed,0
20110217,Thu,0
20110218,Fri,0
20110219,Sat,1
20110220,Sun,1
20110221,Mon,0
20110222,Tue,0
20110223,Wed,0
20110224,Thu,0
20110225,Fri,0
20110226,Sat,1
20110227,Sun,1
20110228,Mon,0
20110301,Tue,1
20110302,Wed,0
20110303,Thu,0
20110304,Fri,0
20110305,Sat,1
20110306,Sun,1
20110307,Mon,0
20110308,Tue,0
20110309,Wed,0
20110310,Thu,0
20110311,Fri,0
20110312,Sat,1
20110313,Sun,1
20110314,Mon,0
20110315,Tue,0
20110316,Wed,0
20110317,Thu,0
20110318,Fri,0
20110319,Sat,1
20110320,Sun,1
20110321,Mon,0
20110322,Tue,0
20110323,Wed,0
20110324,Thu,0
20110325,Fri,0
20110326,Sat,1
20110327,Sun,1
20110328,Mon,0
20110329,Tue,0
20110330,Wed,0
20110331,Thu,0
20110401,Fri,0
20110402,Sat,1
20110403,Sun,1
20110404,Mon,0
20110405,Tue,0
20110406,Wed,0
20110407,Thu,0
20110408,Fri,0
20110409,Sat,1
20110410,Sun,1
20110411,Mon,0
20110412,Tue,0
20110413,Wed,0
20110414,Thu,0
20110415,Fri,0
20110416,Sat,1
20110417,Sun,1
20110418,Mon,0
20110419,Tue,0
20110420,Wed,0
20110421,Thu,0
20110422,Fri,0
20110423,Sat,1
20110424,Sun,1
20110425,Mon,0
20110426,Tue,0
20110427,Wed,0
20110428,Thu,0
20110429,Fri,0
20110430,Sat,1
20110501,Sun,1
20110502,Mon,0
20110503,Tue,0
20110504,Wed,0
20110505,Thu,1
20110506,Fri,0
20110507,Sat,1
20110508,Sun,1
20110509,Mon,0
20110510,Tue,1
20110511,Wed,0
20110512,Thu,0
20110513,Fri,0
20110514,Sat,1
20110515,Sun,1
20110516,Mon,0
20110517,Tue,0
20110518,Wed,0
20110519,Thu,0
20110520,Fri,0
20110521,Sat,1
20110522,Sun,1
20110523,Mon,0
20110524,Tue,0
20110525,Wed,0
20110526,Thu,0
20110527,Fri,0
20110528,Sat,1
20110529,Sun,1
20110530,Mon,0
20110531,Tue,0
20110601,Wed,0
20110602,Thu,0
20110603,Fri,0
20110604,Sat,1
20110605,Sun,1
20110606,Mon,1
20110607,Tue,0
20110608,Wed,0
20110609,Thu,0
20110610,Fri,0
20110611,Sat,1
20110612,Sun,1
20110613,Mon,0
20110614,Tue,0
20110615,Wed,0
20110616,Thu,0
20110617,Fri,0
20110618,Sat,1
20110619,Sun,1
20110620,Mon,0
20110621,Tue,0
20110622,Wed,0
20110623,Thu,0
20110624,Fri,0
20110625,Sat,1
20110626,Sun,1
20110627,Mon,0
20110628,Tue,0
20110629,Wed,0
20110630,Thu,0
20110701,Fri,0
20110702,Sat,1
20110703,Sun,1
20110704,Mon,0
20110705,Tue,0
20110706,Wed,0
20110707,Thu,0
20110708,Fri,0
20110709,Sat,1
20110710,Sun,1
20110711,Mon,0
20110712,Tue,0
20110713,Wed,0
20110714,Thu,0
20110715,Fri,0
20110716,Sat,1
20110717,Sun,1
20110718,Mon,0
20110719,Tue,0
20110720,Wed,0
20110721,Thu,0
20110722,Fri,0
20110723,Sat,1
20110724,Sun,1
20110725,Mon,0
20110726,Tue,0
20110727,Wed,0
20110728,Thu,0
20110729,Fri,0
20110730,Sat,1
20110731,Sun,1
20110801,Mon,0
20110802,Tue,0
20110803,Wed,0
20110804,Thu,0
20110805,Fri,0
20110806,Sat,1
20110807,Sun,1
20110808,Mon,0
20110809,Tue,0
20110810,Wed,0
20110811,Thu,0
20110812,Fri,0
20110813,Sat,1
20110814,Sun,1
20110815,Mon,1
20110816,Tue,0
20110817,Wed,0
20110818,Thu,0
20110819,Fri,0
20110820,Sat,1
20110821,Sun,1
20110822,Mon,0
20110823,Tue,0
20110824,Wed,0
20110825,Thu,0
20110826,Fri,0
20110827,Sat,1
20110828,Sun,1
20110829,Mon,0
20110830,Tue,0
20110831,Wed,0
20110901,Thu,0
20110902,Fri,0
20110903,Sat,1
20110904,Sun,1
20110905,Mon,0
20110906,Tue,0
20110907,Wed,0
20110908,Thu,0
20110909,Fri,0
20110910,Sat,1
20110911,Sun,1
20110912,Mon,1
20110913,Tue,1
20110914,Wed,0
20110915,Thu,0
20110916,Fri,0
20110917,Sat,1
20110918,Sun,1
20110919,Mon,0
20110920,Tue,0
20110921,Wed,0
20110922,Thu,0
20110923,Fri,0
20110924,Sat,1
20110925,Sun,1
20110926,Mon,0
20110927,Tue,0
20110928,Wed,0
20110929,Thu,0
20110930,Fri,0
20111001,Sat,1
20111002,Sun,1
20111003,Mon,1
20111004,Tue,0
20111005,Wed,0
20111006,Thu,0
20111007,Fri,0
20111008,Sat,1
20111009,Sun,1
20111010,Mon,0
20111011,Tue,0
20111012,Wed,0
20111013,Thu,0
20111014,Fri,0
20111015,Sat,1
20111016,Sun,1
20111017,Mon,0
20111018,Tue,0
20111019,Wed,0
20111020,Thu,0
20111021,Fri,0
20111022,Sat,1
20111023,Sun,1
20111024,Mon,0
20111025,Tue,0
20111026,Wed,0
20111027,Thu,0
20111028,Fri,0
20111029,Sat,1
20111030,Sun,1
20111031,Mon,0
20111101,Tue,0
20111102,Wed,0
20111103,Thu,0
20111104,Fri,0
20111105,Sat,1
20111106,Sun,1
20111107,Mon,0
20111108,Tue,0
20111109,Wed,0
20111110,Thu,0
20111111,Fri,0
20111112,Sat,1
20111113,Sun,1
20111114,Mon,0
20111115,Tue,0
20111116,Wed,0
20111117,Thu,0
20111118,Fri,0
20111119,Sat,1
20111120,Sun,1
20111121,Mon,0
20111122,Tue,0
20111123,Wed,0
20111124,Thu,0
20111125,Fri,0
20111126,Sat,1
20111127,Sun,1
20111128,Mon,0
20111129,Tue,0
20111130,Wed,0
20111201,Thu,0
20111202,Fri,0
20111203,Sat,1
20111204,Sun,1
20111205,Mon,0
20111206,Tue,0
20111207,Wed,0
20111208,Thu,0
20111209,Fri,0
20111210,Sat,1
20111211,Sun,1
20111212,Mon,0
20111213,Tue,0
20111214,Wed,0
20111215,Thu,0
20111216,Fri,0
20111217,Sat,1
20111218,Sun,1
20111219,Mon,0
20111220,Tue,0
20111221,Wed,0
20111222,Thu,0
20111223,Fri,0
20111224,Sat,1
20111225,Sun,1
20111226,Mon,0
20111227,Tue,0
20111228,Wed,0
20111229,Thu,0
20111230,Fri,1
20111231,Sat,1
20120101,Sun,1
20120102,Mon,0
20120103,Tue,0
20120104,Wed,0
20120105,Thu,0
20120106,Fri,0
20120107,Sat,1
20120108,Sun,1
20120109,Mon,0
20120110,Tue,0
20120111,Wed,0
20120112,Thu,0
20120113,Fri,0
20120114,Sat,1
20120115,Sun,1
20120116,Mon,0
20120117,Tue,0
20120118,Wed,0
20120119,Thu,0
20120120,Fri,0
20120121,Sat,1
20120122,Sun,1
20120123,Mon,1
20120124,Tue,1
20120125,Wed,0
20120126,Thu,0
20120127,Fri,0
20120128,Sat,1
20120129,Sun,1
20120130,Mon,0
20120131,Tue,0
20120201,Wed,0
20120202,Thu,0
20120203,Fri,0
20120204,Sat,1
20120205,Sun,1
20120206,Mon,0
20120207,Tue,0
20120208,Wed,0
20120209,Thu,0
20120210,Fri,0
20120211,Sat,1
20120212,Sun,1
20120213,Mon,0
20120214,Tue,0
20120215,Wed,0
20120216,Thu,0
20120217,Fri,0
20120218,Sat,1
20120219,Sun,1
20120220,Mon,0
20120221,Tue,0
20120222,Wed,0
20120223,Thu,0
20120224,Fri,0
20120225,Sat,1
20120226,Sun,1
20120227,Mon,0
20120228,Tue,0
20120229,Wed,0
20120301,Thu,1
20120302,Fri,0
20120303,Sat,1
20120304,Sun,1
20120305,Mon,0
20120306,Tue,0
20120307,Wed,0
20120308,Thu,0
20120309,Fri,0
20120310,Sat,1
20120311,Sun,1
20120312,Mon,0
20120313,Tue,0
20120314,Wed,0
20120315,Thu,0
20120316,Fri,0
20120317,Sat,1
20120318,Sun,1
20120319,Mon,0
20120320,Tue,0
20120321,Wed,0
20120322,Thu,0
20120323,Fri,0
20120324,Sat,1
20120325,Sun,1
20120326,Mon,0
20120327,Tue,0
20120328,Wed,0
20120329,Thu,0
20120330,Fri,0
20120331,Sat,1
20120401,Sun,1
20120402,Mon,0
20120403,Tue,0
20120404,Wed,0
20120405,Thu,0
20120406,Fri,0
20120407,Sat,1
20120408,Sun,1
20120409,Mon,0
20120410,Tue,0
20120411,Wed,1
20120412,Thu,0
20120413,Fri,0
20120414,Sat,1
20120415,Sun,1
20120416,Mon,0
20120417,Tue,0
20120418,Wed,0
20120419,Thu,0
20120420,Fri,0
20120421,Sat,1
20120422,Sun,1
20120423,Mon,0
20120424,Tue,0
20120425,Wed,0
20120426,Thu,0
20120427,Fri,0
20120428,Sat,1
20120429,Sun,1
20120430,Mon,0
20120501,Tue,1
20120502,Wed,0
20120503,Thu,0
20120504,Fri,0
20120505,Sat,1
20120506,Sun,1
20120507,Mon,0
20120508,Tue,0
20120509,Wed,0
20120510,Thu,0
20120511,Fri,0
20120512,Sat,1
20120513,Sun,1
20120514,Mon,0
20120515,Tue,0
20120516,Wed,0
20120517,Thu,0
20120518,Fri,0
20120519,Sat,1
20120520,Sun,1
20120521,Mon,0
20120522,Tue,0
20120523,Wed,0
20120524,Thu,0
20120525,Fri,0
20120526,Sat,1
20120527,Sun,1
20120528,Mon,1
20120529,Tue,0
20120530,Wed,0
20120531,Thu,0
20120601,Fri,0
20120602,Sat,1
20120603,Sun,1
20120604,Mon,0
20120605,Tue,0
20120606,Wed,1
20120607,Thu,0
20120608,Fri,0
20120609,Sat,1
20120610,Sun,1
20120611,Mon,0
20120612,Tue,0
20120613,Wed,0
20120614,Thu,0
20120615,Fri,0
20120616,Sat,1
20120617,Sun,1
20120618,Mon,0
20120619,Tue,0
20120620,Wed,0
20120621,Thu,0
20120622,Fri,0
20120623,Sat,1
20120624,Sun,1
20120625,Mon,0
20120626,Tue,0
20120627,Wed,0
20120628,Thu,0
20120629,Fri,0
20120630,Sat,1
20120701,Sun,1
20120702,Mon,0
20120703,Tue,0
20120704,Wed,0
20120705,Thu,0
20120706,Fri,0
20120707,Sat,1
20120708,Sun,1
20120709,Mon,0
20120710,Tue,0
20120711,Wed,0
20120712,Thu,0
20120713,Fri,0
20120714,Sat,1
20120715,Sun,1
20120716,Mon,0
20120717,Tue,0
20120718,Wed,0
20120719,Thu,0
20120720,Fri,0
20120721,Sat,1
20120722,Sun,1
20120723,Mon,0
20120724,Tue,0
20120725,Wed,0
20120726,Thu,0
20120727,Fri,0
20120728,Sat,1
20120729,Sun,1
20120730,Mon,0
20120731,Tue,0
20120801,Wed,0
20120802,Thu,0
20120803,Fri,0
20120804,Sat,1
20120805,Sun,1
20120806,Mon,0
20120807,Tue,0
20120808,Wed,0
20120809,Thu,0
20120810,Fri,0
20120811,Sat,1
20120812,Sun,1
20120813,Mon,0
20120814,Tue,0
20120815,Wed,1
20120816,Thu,0
20120817,Fri,0
20120818,Sat,1
20120819,Sun,1
20120820,Mon,0
20120821,Tue,0
20120822,Wed,0
20120823,Thu,0
20120824,Fri,0
20120825,Sat,1
20120826,Sun,1
20120827,Mon,0
20120828,Tue,0
20120829,Wed,0
20120830,Thu,0
20120831,Fri,0
20120901,Sat,1
20120902,Sun,1
20120903,Mon,0
20120904,Tue,0
20120905,Wed,0
20120906,Thu,0
20120907,Fri,0
20120908,Sat,1
20120909,Sun,1
20120910,Mon,0
20120911,Tue,0
20120912,Wed,0
20120913,Thu,0
20120914,Fri,0
20120915,Sat,1
20120916,Sun,1
20120917,Mon,0
20120918,Tue,0
20120919,Wed,0
20120920,Thu,0
20120921,Fri,0
20120922,Sat,1
20120923,Sun,1
20120924,Mon,0
20120925,Tue,0
20120926,Wed,0
20120927,Thu,0
20120928,Fri,0
20120929,Sat,1
20120930,Sun,1
20121001,Mon,1
20121002,Tue,0
20121003,Wed,1
20121004,Thu,0
20121005,Fri,0
20121006,Sat,1
20121007,Sun,1
20121008,Mon,0
20121009,Tue,0
20121010,Wed,0
20121011,Thu,0
20121012,Fri,0
20121013,Sat,1
20121014,Sun,1
20121015,Mon,0
20121016,Tue,0
20121017,Wed,0
20121018,Thu,0
20121019,Fri,0
20121020,Sat,1
20121021,Sun,1
20121022,Mon,0
20121023,Tue,0
20121024,Wed,0
20121025,Thu,0
20121026,Fri,0
20121027,Sat,1
20121028,Sun,1
20121029,Mon,0
20121030,Tue,0
20121031,Wed,0
20121101,Thu,0
20121102,Fri,0
20121103,Sat,1
20121104,Sun,1
20121105,Mon,0
20121106,Tue,0
20121107,Wed,0
20121108,Thu,0
20121109,Fri,0
20121110,Sat,1
20121111,Sun,1
20121112,Mon,0
20121113,Tue,0
20121114,Wed,0
20121115,Thu,0
20121116,Fri,0
20121117,Sat,1
20121118,Sun,1
20121119,Mon,0
20121120,Tue,0
20121121,Wed,0
20121122,Thu,0
20121123,Fri,0
20121124,Sat,1
20121125,Sun,1
20121126,Mon,0
20121127,Tue,0
20121128,Wed,0
20121129,Thu,0
20121130,Fri,0
20121201,Sat,1
20121202,Sun,1
20121203,Mon,0
20121204,Tue,0
20121205,Wed,0
20121206,Thu,0
20121207,Fri,0
20121208,Sat,1
20121209,Sun,1
20121210,Mon,0
20121211,Tue,0
20121212,Wed,0
20121213,Thu,0
20121214,Fri,0
20121215,Sat,1
20121216,Sun,1
20121217,Mon,0
20121218,Tue,0
20121219,Wed,1
20121220,Thu,0
20121221,Fri,0
20121222,Sat,1
20121223,Sun,1
20121224,Mon,0
20121225,Tue,1
20121226,Wed,0
20121227,Thu,0
20121228,Fri,0
20121229,Sat,1
20121230,Sun,1
20121231,Mon,1
20130101,Tue,1
20130102,Wed,0
20130103,Thu,0
20130104,Fri,0
20130105,Sat,1
20130106,Sun,1
20130107,Mon,0
20130108,Tue,0
20130109,Wed,0
20130110,Thu,0
20130111,Fri,0
20130112,Sat,1
20130113,Sun,1
20130114,Mon,0
20130115,Tue,0
20130116,Wed,0
20130117,Thu,0
20130118,Fri,0
20130119,Sat,1
20130120,Sun,1
20130121,Mon,0
20130122,Tue,0
20130123,Wed,0
20130124,Thu,0
20130125,Fri,0
20130126,Sat,1
20130127,Sun,1
20130128,Mon,0
20130129,Tue,0
20130130,Wed,0
20130131,Thu,0
20130201,Fri,0
20130202,Sat,1
20130203,Sun,1
20130204,Mon,0
20130205,Tue,0
20130206,Wed,0
20130207,Thu,0
20130208,Fri,0
20130209,Sat,1
20130210,Sun,1
20130211,Mon,1
20130212,Tue,0
20130213,Wed,0
20130214,Thu,0
20130215,Fri,0
20130216,Sat,1
20130217,Sun,1
20130218,Mon,0
20130219,Tue,0
20130220,Wed,0
20130221,Thu,0
20130222,Fri,0
20130223,Sat,1
20130224,Sun,1
20130225,Mon,0
20130226,Tue,0
20130227,Wed,0
20130228,Thu,0
20130301,Fri,1
20130302,Sat,1
20130303,Sun,1
20130304,Mon,0
20130305,Tue,0
20130306,Wed,0
20130307,Thu,0
20130308,Fri,0
20130309,Sat,1
20130310,Sun,1
20130311,Mon,0
20130312,Tue,0
20130313,Wed,0
20130314,Thu,0
20130315,Fri,0
20130316,Sat,1
20130317,Sun,1
20130318,Mon,0
20130319,Tue,0
20130320,Wed,0
20130321,Thu,0
20130322,Fri,0
20130323,Sat,1
20130324,Sun,1
20130325,Mon,0
20130326,Tue,0
20130327,Wed,0
20130328,Thu,0
20130329,Fri,0
20130330,Sat,1
20130331,Sun,1
20130401,Mon,0
20130402,Tue,0
20130403,Wed,0
20130404,Thu,0
20130405,Fri,0
20130406,Sat,1
20130407,Sun,1
20130408,Mon,0
20130409,Tue,0
20130410,Wed,0
20130411,Thu,0
20130412,Fri,0
20130413,Sat,1
20130414,Sun,1
20130415,Mon,0
20130416,Tue,0
20130417,Wed,0
20130418,Thu,0
20130419,Fri,0
20130420,Sat,1
20130421,Sun,1
20130422,Mon,0
20130423,Tue,0
20130424,Wed,0
20130425,Thu,0
20130426,Fri,0
20130427,Sat,1
20130428,Sun,1
20130429,Mon,0
20130430,Tue,0
20130501,Wed,1
20130502,Thu,0
20130503,Fri,0
20130504,Sat,1
20130505,Sun,1
20130506,Mon,0
20130507,Tue,0
20130508,Wed,0
20130509,Thu,0
20130510,Fri,0
20130511,Sat,1
20130512,Sun,1
20130513,Mon,0
20130514,Tue,0
20130515,Wed,0
20130516,Thu,0
20130517,Fri,1
20130518,Sat,1
20130519,Sun,1
20130520,Mon,0
20130521,Tue,0
20130522,Wed,0
20130523,Thu,0
20130524,Fri,0
20130525,Sat,1
20130526,Sun,1
20130527,Mon,0
20130528,Tue,0
20130529,Wed,0
20130530,Thu,0
20130531,Fri,0
20130601,Sat,1
20130602,Sun,1
20130603,Mon,0
20130604,Tue,0
20130605,Wed,0
20130606,Thu,1
20130607,Fri,0
20130608,Sat,1
20130609,Sun,1
20130610,Mon,0
20130611,Tue,0
20130612,Wed,0
20130613,Thu,0
20130614,Fri,0
20130615,Sat,1
20130616,Sun,1
20130617,Mon,0
20130618,Tue,0
20130619,Wed,0
20130620,Thu,0
20130621,Fri,0
20130622,Sat,1
20130623,Sun,1
20130624,Mon,0
20130625,Tue,0
20130626,Wed,0
20130627,Thu,0
20130628,Fri,0
20130629,Sat,1
20130630,Sun,1
20130701,Mon,0
20130702,Tue,0
20130703,Wed,0
20130704,Thu,0
20130705,Fri,0
20130706,Sat,1
20130707,Sun,1
20130708,Mon,0
20130709,Tue,0
20130710,Wed,0
20130711,Thu,0
20130712,Fri,0
20130713,Sat,1
20130714,Sun,1
20130715,Mon,0
20130716,Tue,0
20130717,Wed,0
20130718,Thu,0
20130719,Fri,0
20130720,Sat,1
20130721,Sun,1
20130722,Mon,0
20130723,Tue,0
20130724,Wed,0
20130725,Thu,0
20130726,Fri,0
20130727,Sat,1
20130728,Sun,1
20130729,Mon,0
20130730,Tue,0
20130731,Wed,0
20130801,Thu,0
20130802,Fri,0
20130803,Sat,1
20130804,Sun,1
20130805,Mon,0
20130806,Tue,0
20130807,Wed,0
20130808,Thu,0
20130809,Fri,0
20130810,Sat,1
20130811,Sun,1
20130812,Mon,0
20130813,Tue,0
20130814,Wed,0
20130815,Thu,1
20130816,Fri,0
20130817,Sat,1
20130818,Sun,1
20130819,Mon,0
20130820,Tue,0
20130821,Wed,0
20130822,Thu,0
20130823,Fri,0
20130824,Sat,1
20130825,Sun,1
20130826,Mon,0
20130827,Tue,0
20130828,Wed,0
20130829,Thu,0
20130830,Fri,0
20130831,Sat,1
20130901,Sun,1
20130902,Mon,0
20130903,Tue,0
20130904,Wed,0
20130905,Thu,0
20130906,Fri,0
20130907,Sat,1
20130908,Sun,1
20130909,Mon,0
20130910,Tue,0
20130911,Wed,0
20130912,Thu,0
20130913,Fri,0
20130914,Sat,1
20130915,Sun,1
20130916,Mon,0
20130917,Tue,0
20130918,Wed,1
20130919,Thu,1
20130920,Fri,1
20130921,Sat,1
20130922,Sun,1
20130923,Mon,0
20130924,Tue,0
20130925,Wed,0
20130926,Thu,0
20130927,Fri,0
20130928,Sat,1
20130929,Sun,1
20130930,Mon,0
20131001,Tue,0
20131002,Wed,0
20131003,Thu,1
20131004,Fri,0
20131005,Sat,1
20131006,Sun,1
20131007,Mon,0
20131008,Tue,0
20131009,Wed,1
20131010,Thu,0
20131011,Fri,0
20131012,Sat,1
20131013,Sun,1
20131014,Mon,0
20131015,Tue,0
20131016,Wed,0
20131017,Thu,0
20131018,Fri,0
20131019,Sat,1
20131020,Sun,1
20131021,Mon,0
20131022,Tue,0
20131023,Wed,0
20131024,Thu,0
20131025,Fri,0
20131026,Sat,1
20131027,Sun,1
20131028,Mon,0
20131029,Tue,0
20131030,Wed,0
20131031,Thu,0
20131101,Fri,0
20131102,Sat,1
20131103,Sun,1
20131104,Mon,0
20131105,Tue,0
20131106,Wed,0
20131107,Thu,0
20131108,Fri,0
20131109,Sat,1
20131110,Sun,1
20131111,Mon,0
20131112,Tue,0
20131113,Wed,0
20131114,Thu,0
20131115,Fri,0
20131116,Sat,1
20131117,Sun,1
20131118,Mon,0
20131119,Tue,0
20131120,Wed,0
20131121,Thu,0
20131122,Fri,0
20131123,Sat,1
20131124,Sun,1
20131125,Mon,0
20131126,Tue,0
20131127,Wed,0
20131128,Thu,0
20131129,Fri,0
20131130,Sat,1
20131201,Sun,1
20131202,Mon,0
20131203,Tue,0
20131204,Wed,0
20131205,Thu,0
20131206,Fri,0
20131207,Sat,1
20131208,Sun,1
20131209,Mon,0
20131210,Tue,0
20131211,Wed,0
20131212,Thu,0
20131213,Fri,0
20131214,Sat,1
20131215,Sun,1
20131216,Mon,0
20131217,Tue,0
20131218,Wed,0
20131219,Thu,0
20131220,Fri,0
20131221,Sat,1
20131222,Sun,1
20131223,Mon,0
20131224,Tue,0
20131225,Wed,1
20131226,Thu,0
20131227,Fri,0
20131228,Sat,1
20131229,Sun,1
20131230,Mon,0
20131231,Tue,1
20140101,Wed,1
20140102,Thu,0
20140103,Fri,0
20140104,Sat,1
20140105,Sun,1
20140106,Mon,0
20140107,Tue,0
20140108,Wed,0
20140109,Thu,0
20140110,Fri,0
20140111,Sat,1
20140112,Sun,1
20140113,Mon,0
20140114,Tue,0
20140115,Wed,0
20140116,Thu,0
20140117,Fri,0
20140118,Sat,1
20140119,Sun,1
20140120,Mon,0
20140121,Tue,0
20140122,Wed,0
20140123,Thu,0
20140124,Fri,0
20140125,Sat,1
20140126,Sun,1
20140127,Mon,0
20140128,Tue,0
20140129,Wed,0
20140130,Thu,1
20140131,Fri,1
20140201,Sat,1
20140202,Sun,1
20140203,Mon,0
20140204,Tue,0
20140205,Wed,0
20140206,Thu,0
20140207,Fri,0
20140208,Sat,1
20140209,Sun,1
20140210,Mon,0
20140211,Tue,0
20140212,Wed,0
20140213,Thu,0
20140214,Fri,0
20140215,Sat,1
20140216,Sun,1
20140217,Mon,0
20140218,Tue,0
20140219,Wed,0
20140220,Thu,0
20140221,Fri,0
20140222,Sat,1
20140223,Sun,1
20140224,Mon,0
20140225,Tue,0
20140226,Wed,0
20140227,Thu,0
20140228,Fri,0
20140301,Sat,1
20140302,Sun,1
20140303,Mon,0
20140304,Tue,0
20140305,Wed,0
20140306,Thu,0
20140307,Fri,0
20140308,Sat,1
20140309,Sun,1
20140310,Mon,0
20140311,Tue,0
20140312,Wed,0
20140313,Thu,0
20140314,Fri,0
20140315,Sat,1
20140316,Sun,1
20140317,Mon,0
20140318,Tue,0
20140319,Wed,0
20140320,Thu,0
20140321,Fri,0
20140322,Sat,1
20140323,Sun,1
20140324,Mon,0
20140325,Tue,0
20140326,Wed,0
20140327,Thu,0
20140328,Fri,0
20140329,Sat,1
20140330,Sun,1
20140331,Mon,0
20140401,Tue,0
20140402,Wed,0
20140403,Thu,0
20140404,Fri,0
20140405,Sat,1
20140406,Sun,1
20140407,Mon,0
20140408,Tue,0
20140409,Wed,0
20140410,Thu,0
20140411,Fri,0
20140412,Sat,1
20140413,Sun,1
20140414,Mon,0
20140415,Tue,0
20140416,Wed,0
20140417,Thu,0
20140418,Fri,0
20140419,Sat,1
20140420,Sun,1
20140421,Mon,0
20140422,Tue,0
20140423,Wed,0
20140424,Thu,0
20140425,Fri,0
20140426,Sat,1
20140427,Sun,1
20140428,Mon,0
20140429,Tue,0
20140430,Wed,0
20140501,Thu,1
20140502,Fri,0
20140503,Sat,1
20140504,Sun,1
20140505,Mon,1
20140506,Tue,1
20140507,Wed,0
20140508,Thu,0
20140509,Fri,0
20140510,Sat,1
20140511,Sun,1
20140512,Mon,0
20140513,Tue,0
20140514,Wed,0
20140515,Thu,0
20140516,Fri,0
20140517,Sat,1
20140518,Sun,1
20140519,Mon,0
20140520,Tue,0
20140521,Wed,0
20140522,Thu,0
20140523,Fri,0
20140524,Sat,1
20140525,Sun,1
20140526,Mon,0
20140527,Tue,0
20140528,Wed,0
20140529,Thu,0
20140530,Fri,0
20140531,Sat,1
20140601,Sun,1
20140602,Mon,0
20140603,Tue,0
20140604,Wed,1
20140605,Thu,0
20140606,Fri,1
20140607,Sat,1
20140608,Sun,1
20140609,Mon,0
20140610,Tue,0
20140611,Wed,0
20140612,Thu,0
20140613,Fri,0
20140614,Sat,1
20140615,Sun,1
20140616,Mon,0
20140617,Tue,0
20140618,Wed,0
20140619,Thu,0
20140620,Fri,0
20140621,Sat,1
20140622,Sun,1
20140623,Mon,0
20140624,Tue,0
20140625,Wed,0
20140626,Thu,0
20140627,Fri,0
20140628,Sat,1
20140629,Sun,1
20140630,Mon,0
20140701,Tue,0
20140702,Wed,0
20140703,Thu,0
20140704,Fri,0
20140705,Sat,1
20140706,Sun,1
20140707,Mon,0
20140708,Tue,0
20140709,Wed,0
20140710,Thu,0
20140711,Fri,0
20140712,Sat,1
20140713,Sun,1
20140714,Mon,0
20140715,Tue,0
20140716,Wed,0
20140717,Thu,0
20140718,Fri,0
20140719,Sat,1
20140720,Sun,1
20140721,Mon,0
20140722,Tue,0
20140723,Wed,0
20140724,Thu,0
20140725,Fri,0
20140726,Sat,1
20140727,Sun,1
20140728,Mon,0
20140729,Tue,0
20140730,Wed,0
20140731,Thu,0
20140801,Fri,0
20140802,Sat,1
20140803,Sun,1
20140804,Mon,0
20140805,Tue,0
20140806,Wed,0
20140807,Thu,0
20140808,Fri,0
20140809,Sat,1
20140810,Sun,1
20140811,Mon,0
20140812,Tue,0
20140813,Wed,0
20140814,Thu,0
20140815,Fri,1
20140816,Sat,1
20140817,Sun,1
20140818,Mon,0
20140819,Tue,0
20140820,Wed,0
20140821,Thu,0
20140822,Fri,0
20140823,Sat,1
20140824,Sun,1
20140825,Mon,0
20140826,Tue,0
20140827,Wed,0
20140828,Thu,0
20140829,Fri,0
20140830,Sat,1
20140831,Sun,1
20140901,Mon,0
20140902,Tue,0
20140903,Wed,0
20140904,Thu,0
20140905,Fri,0
20140906,Sat,1
20140907,Sun,1
20140908,Mon,1
20140909,Tue,1
20140910,Wed,1
20140911,Thu,0
20140912,Fri,0
20140913,Sat,1
20140914,Sun,1
20140915,Mon,0
20140916,Tue,0
20140917,Wed,0
20140918,Thu,0
20140919,Fri,0
20140920,Sat,1
20140921,Sun,1
20140922,Mon,0
20140923,Tue,0
20140924,Wed,0
20140925,Thu,0
20140926,Fri,0
20140927,Sat,1
20140928,Sun,1
20140929,Mon,0
20140930,Tue,0
20141001,Wed,0
20141002,Thu,0
20141003,Fri,1
20141004,Sat,1
20141005,Sun,1
20141006,Mon,0
20141007,Tue,0
20141008,Wed,0
20141009,Thu,1
20141010,Fri,0
20141011,Sat,1
20141012,Sun,1
20141013,Mon,0
20141014,Tue,0
20141015,Wed,0
20141016,Thu,0
20141017,Fri,0
20141018,Sat,1
20141019,Sun,1
20141020,Mon,0
20141021,Tue,0
20141022,Wed,0
20141023,Thu,0
20141024,Fri,0
20141025,Sat,1
20141026,Sun,1
20141027,Mon,0
20141028,Tue,0
20141029,Wed,0
20141030,Thu,0
20141031,Fri,0
20141101,Sat,1
20141102,Sun,1
20141103,Mon,0
20141104,Tue,0
20141105,Wed,0
20141106,Thu,0
20141107,Fri,0
20141108,Sat,1
20141109,Sun,1
20141110,Mon,0
20141111,Tue,0
20141112,Wed,0
20141113,Thu,0
20141114,Fri,0
20141115,Sat,1
20141116,Sun,1
20141117,Mon,0
20141118,Tue,0
20141119,Wed,0
20141120,Thu,0
20141121,Fri,0
20141122,Sat,1
20141123,Sun,1
20141124,Mon,0
20141125,Tue,0
20141126,Wed,0
20141127,Thu,0
20141128,Fri,0
20141129,Sat,1
20141130,Sun,1
20141201,Mon,0
20141202,Tue,0
20141203,Wed,0
20141204,Thu,0
20141205,Fri,0
20141206,Sat,1
20141207,Sun,1
20141208,Mon,0
20141209,Tue,0
20141210,Wed,0
20141211,Thu,0
20141212,Fri,0
20141213,Sat,1
20141214,Sun,1
20141215,Mon,0
20141216,Tue,0
20141217,Wed,0
20141218,Thu,0
20141219,Fri,0
20141220,Sat,1
20141221,Sun,1
20141222,Mon,0
20141223,Tue,0
20141224,Wed,0
20141225,Thu,1
20141226,Fri,0
20141227,Sat,1
20141228,Sun,1
20141229,Mon,0
20141230,Tue,0
20141231,Wed,1
20150101,Thu,1
20150102,Fri,0
20150103,Sat,1
20150104,Sun,1
20150105,Mon,0
20150106,Tue,0
20150107,Wed,0
20150108,Thu,0
20150109,Fri,0
20150110,Sat,1
20150111,Sun,1
20150112,Mon,0
20150113,Tue,0
20150114,Wed,0
20150115,Thu,0
20150116,Fri,0
20150117,Sat,1
20150118,Sun,1
20150119,Mon,0
20150120,Tue,0
20150121,Wed,0
20150122,Thu,0
20150123,Fri,0
20150124,Sat,1
20150125,Sun,1
20150126,Mon,0
20150127,Tue,0
20150128,Wed,0
20150129,Thu,0
20150130,Fri,0
20150131,Sat,1
20150201,Sun,1
20150202,Mon,0
20150203,Tue,0
20150204,Wed,0
20150205,Thu,0
20150206,Fri,0
20150207,Sat,1
20150208,Sun,1
20150209,Mon,0
20150210,Tue,0
20150211,Wed,0
20150212,Thu,0
20150213,Fri,0
20150214,Sat,1
20150215,Sun,1
20150216,Mon,0
20150217,Tue,0
20150218,Wed,1
20150219,Thu,1
20150220,Fri,1
20150221,Sat,1
20150222,Sun,1
20150223,Mon,0
20150224,Tue,0
20150225,Wed,0
20150226,Thu,0
20150227,Fri,0
20150228,Sat,1
20150301,Sun,1
20150302,Mon,0
20150303,Tue,0
20150304,Wed,0
20150305,Thu,0
20150306,Fri,0
20150307,Sat,1
20150308,Sun,1
20150309,Mon,0
20150310,Tue,0
20150311,Wed,0
20150312,Thu,0
20150313,Fri,0
20150314,Sat,1
20150315,Sun,1
20150316,Mon,0
20150317,Tue,0
20150318,Wed,0
20150319,Thu,0
20150320,Fri,0
20150321,Sat,1
20150322,Sun,1
20150323,Mon,0
20150324,Tue,0
20150325,Wed,0
20150326,Thu,0
20150327,Fri,0
20150328,Sat,1
20150329,Sun,1
20150330,Mon,0
20150331,Tue,0
20150401,Wed,0
20150402,Thu,0
20150403,Fri,0
20150404,Sat,1
20150405,Sun,1
20150406,Mon,0
20150407,Tue,0
20150408,Wed,0
20150409,Thu,0
20150410,Fri,0
20150411,Sat,1
20150412,Sun,1
20150413,Mon,0
20150414,Tue,0
20150415,Wed,0
20150416,Thu,0
20150417,Fri,0
20150418,Sat,1
20150419,Sun,1
20150420,Mon,0
20150421,Tue,0
20150422,Wed,0
20150423,Thu,0
20150424,Fri,0
20150425,Sat,1
20150426,Sun,1
20150427,Mon,0
20150428,Tue,0
20150429,Wed,0
20150430,Thu,0
20150501,Fri,1
20150502,Sat,1
20150503,Sun,1
20150504,Mon,0
20150505,Tue,1
20150506,Wed,0
20150507,Thu,0
20150508,Fri,0
20150509,Sat,1
20150510,Sun,1
20150511,Mon,0
20150512,Tue,0
20150513,Wed,0
20150514,Thu,0
20150515,Fri,0
20150516,Sat,1
20150517,Sun,1
20150518,Mon,0
20150519,Tue,0
20150520,Wed,0
20150521,Thu,0
20150522,Fri,0
20150523,Sat,1
20150524,Sun,1
20150525,Mon,1
20150526,Tue,0
20150527,Wed,0
20150528,Thu,0
20150529,Fri,0
20150530,Sat,1
20150531,Sun,1
20150601,Mon,0
20150602,Tue,0
20150603,Wed,0
20150604,Thu,0
20150605,Fri,0
20150606,Sat,1
20150607,Sun,1
20150608,Mon,0
20150609,Tue,0
20150610,Wed,0
20150611,Thu,0
20150612,Fri,0
20150613,Sat,1
20150614,Sun,1
20150615,Mon,0
20150616,Tue,0
20150617,Wed,0
20150618,Thu,0
20150619,Fri,0
20150620,Sat,1
20150621,Sun,1
20150622,Mon,0
20150623,Tue,0
20150624,Wed,0
20150625,Thu,0
20150626,Fri,0
20150627,Sat,1
20150628,Sun,1
20150629,Mon,0
20150630,Tue,0
20150701,Wed,0
20150702,Thu,0
20150703,Fri,0
20150704,Sat,1
20150705,Sun,1
20150706,Mon,0
20150707,Tue,0
20150708,Wed,0
20150709,Thu,0
20150710,Fri,0
20150711,Sat,1
20150712,Sun,1
20150713,Mon,0
20150714,Tue,0
20150715,Wed,0
20150716,Thu,0
20150717,Fri,0
20150718,Sat,1
20150719,Sun,1
20150720,Mon,0
20150721,Tue,0
20150722,Wed,0
20150723,Thu,0
20150724,Fri,0
20150725,Sat,1
20150726,Sun,1
20150727,Mon,0
20150728,Tue,0
20150729,Wed,0
20150730,Thu,0
20150731,Fri,0
20150801,Sat,1
20150802,Sun,1
20150803,Mon,0
20150804,Tue,0
20150805,Wed,0
20150806,Thu,0
20150807,Fri,0
20150808,Sat,1
20150809,Sun,1
20150810,Mon,0
20150811,Tue,0
20150812,Wed,0
20150813,Thu,0
20150814,Fri,1
20150815,Sat,1
20150816,Sun,1
20150817,Mon,0
20150818,Tue,0
20150819,Wed,0
20150820,Thu,0
20150821,Fri,0
20150822,Sat,1
20150823,Sun,1
20150824,Mon,0
20150825,Tue,0
20150826,Wed,0
20150827,Thu,0
20150828,Fri,0
20150829,Sat,1
20150830,Sun,1
20150831,Mon,0
20150901,Tue,0
20150902,Wed,0
20150903,Thu,0
20150904,Fri,0
20150905,Sat,1
20150906,Sun,1
20150907,Mon,0
20150908,Tue,0
20150909,Wed,0
20150910,Thu,0
20150911,Fri,0
20150912,Sat,1
20150913,Sun,1
20150914,Mon,0
20150915,Tue,0
20150916,Wed,0
20150917,Thu,0
20150918,Fri,0
20150919,Sat,1
20150920,Sun,1
20150921,Mon,0
20150922,Tue,0
20150923,Wed,0
20150924,Thu,0
20150925,Fri,0
20150926,Sat,1
20150927,Sun,1
20150928,Mon,1
20150929,Tue,1
20150930,Wed,0
20151001,Thu,0
20151002,Fri,0
20151003,Sat,1
20151004,Sun,1
20151005,Mon,0
20151006,Tue,0
20151007,Wed,0
20151008,Thu,0
20151009,Fri,1
20151010,Sat,1
20151011,Sun,1
20151012,Mon,0
20151013,Tue,0
20151014,Wed,0
20151015,Thu,0
20151016,Fri,0
20151017,Sat,1
20151018,Sun,1
20151019,Mon,0
20151020,Tue,0
20151021,Wed,0
20151022,Thu,0
20151023,Fri,0
20151024,Sat,1
20151025,Sun,1
20151026,Mon,0
20151027,Tue,0
20151028,Wed,0
20151029,Thu,0
20151030,Fri,0
20151031,Sat,1
20151101,Sun,1
20151102,Mon,0
20151103,Tue,0
20151104,Wed,0
20151105,Thu,0
20151106,Fri,0
20151107,Sat,1
20151108,Sun,1
20151109,Mon,0
20151110,Tue,0
20151111,Wed,0
20151112,Thu,0
20151113,Fri,0
20151114,Sat,1
20151115,Sun,1
20151116,Mon,0
20151117,Tue,0
20151118,Wed,0
20151119,Thu,0
20151120,Fri,0
20151121,Sat,1
20151122,Sun,1
20151123,Mon,0
20151124,Tue,0
20151125,Wed,0
20151126,Thu,0
20151127,Fri,0
20151128,Sat,1
20151129,Sun,1
20151130,Mon,0
20151201,Tue,0
20151202,Wed,0
20151203,Thu,0
20151204,Fri,0
20151205,Sat,1
20151206,Sun,1
20151207,Mon,0
20151208,Tue,0
20151209,Wed,0
20151210,Thu,0
20151211,Fri,0
20151212,Sat,1
20151213,Sun,1
20151214,Mon,0
20151215,Tue,0
20151216,Wed,0
20151217,Thu,0
20151218,Fri,0
20151219,Sat,1
20151220,Sun,1
20151221,Mon,0
20151222,Tue,0
20151223,Wed,0
20151224,Thu,0
20151225,Fri,1
20151226,Sat,1
20151227,Sun,1
20151228,Mon,0
20151229,Tue,0
20151230,Wed,0
20151231,Thu,1
20160101,Fri,1
20160102,Sat,1
20160103,Sun,1
20160104,Mon,0
20160105,Tue,0
20160106,Wed,0
20160107,Thu,0
20160108,Fri,0
20160109,Sat,1
20160110,Sun,1
20160111,Mon,0
20160112,Tue,0
20160113,Wed,0
20160114,Thu,0
20160115,Fri,0
20160116,Sat,1
20160117,Sun,1
20160118,Mon,0
20160119,Tue,0
20160120,Wed,0
20160121,Thu,0
20160122,Fri,0
20160123,Sat,1
20160124,Sun,1
20160125,Mon,0
20160126,Tue,0
20160127,Wed,0
20160128,Thu,0
20160129,Fri,0
20160130,Sat,1
20160131,Sun,1
20160201,Mon,0
20160202,Tue,0
20160203,Wed,0
20160204,Thu,0
20160205,Fri,0
20160206,Sat,1
20160207,Sun,1
20160208,Mon,1
20160209,Tue,1
20160210,Wed,1
20160211,Thu,0
20160212,Fri,0
20160213,Sat,1
20160214,Sun,1
20160215,Mon,0
20160216,Tue,0
20160217,Wed,0
20160218,Thu,0
20160219,Fri,0
20160220,Sat,1
20160221,Sun,1
20160222,Mon,0
20160223,Tue,0
20160224,Wed,0
20160225,Thu,0
20160226,Fri,0
20160227,Sat,1
20160228,Sun,1
20160229,Mon,0
20160301,Tue,1
20160302,Wed,0
20160303,Thu,0
20160304,Fri,0
20160305,Sat,1
20160306,Sun,1
20160307,Mon,0
20160308,Tue,0
20160309,Wed,0
20160310,Thu,0
20160311,Fri,0
20160312,Sat,1
20160313,Sun,1
20160314,Mon,0
20160315,Tue,0
20160316,Wed,0
20160317,Thu,0
20160318,Fri,0
20160319,Sat,1
20160320,Sun,1
20160321,Mon,0
20160322,Tue,0
20160323,Wed,0
20160324,Thu,0
20160325,Fri,0
20160326,Sat,1
20160327,Sun,1
20160328,Mon,0
20160329,Tue,0
20160330,Wed,0
20160331,Thu,0
20160401,Fri,0
20160402,Sat,1
20160403,Sun,1
20160404,Mon,0
20160405,Tue,0
20160406,Wed,0
20160407,Thu,0
20160408,Fri,0
20160409,Sat,1
20160410,Sun,1
20160411,Mon,0
20160412,Tue,0
20160413,Wed,1
20160414,Thu,0
20160415,Fri,0
20160416,Sat,1
20160417,Sun,1
20160418,Mon,0
20160419,Tue,0
20160420,Wed,0
20160421,Thu,0
20160422,Fri,0
20160423,Sat,1
20160424,Sun,1
20160425,Mon,0
20160426,Tue,0
20160427,Wed,0
20160428,Thu,0
20160429,Fri,0
20160430,Sat,1
20160501,Sun,1
20160502,Mon,0
20160503,Tue,0
20160504,Wed,0
20160505,Thu,1
20160506,Fri,1
20160507,Sat,1
20160508,Sun,1
20160509,Mon,0
20160510,Tue,0
20160511,Wed,0
20160512,Thu,0
20160513,Fri,0
20160514,Sat,1
20160515,Sun,1
20160516,Mon,0
20160517,Tue,0
20160518,Wed,0
20160519,Thu,0
20160520,Fri,0
20160521,Sat,1
20160522,Sun,1
20160523,Mon,0
20160524,Tue,0
20160525,Wed,0
20160526,Thu,0
20160527,Fri,0
20160528,Sat,1
20160529,Sun,1
20160530,Mon,0
20160531,Tue,0
20160601,Wed,0
20160602,Thu,0
20160603,Fri,0
20160604,Sat,1
20160605,Sun,1
20160606,Mon,1
20160607,Tue,0
20160608,Wed,0
20160609,Thu,0
20160610,Fri,0
20160611,Sat,1
20160612,Sun,1
20160613,Mon,0
20160614,Tue,0
20160615,Wed,0
20160616,Thu,0
20160617,Fri,0
20160618,Sat,1
20160619,Sun,1
20160620,Mon,0
20160621,Tue,0
20160622,Wed,0
20160623,Thu,0
20160624,Fri,0
20160625,Sat,1
20160626,Sun,1
20160627,Mon,0
20160628,Tue,0
20160629,Wed,0
20160630,Thu,0
20160701,Fri,0
20160702,Sat,1
20160703,Sun,1
20160704,Mon,0
20160705,Tue,0
20160706,Wed,0
20160707,Thu,0
20160708,Fri,0
20160709,Sat,1
20160710,Sun,1
20160711,Mon,0
20160712,Tue,0
20160713,Wed,0
20160714,Thu,0
20160715,Fri,0
20160716,Sat,1
20160717,Sun,1
20160718,Mon,0
20160719,Tue,0
20160720,Wed,0
20160721,Thu,0
20160722,Fri,0
20160723,Sat,1
20160724,Sun,1
20160725,Mon,0
20160726,Tue,0
20160727,Wed,0
20160728,Thu,0
20160729,Fri,0
20160730,Sat,1
20160731,Sun,1
20160801,Mon,0
20160802,Tue,0
20160803,Wed,0
20160804,Thu,0
20160805,Fri,0
20160806,Sat,1
20160807,Sun,1
20160808,Mon,0
20160809,Tue,0
20160810,Wed,0
20160811,Thu,0
20160812,Fri,0
20160813,Sat,1
20160814,Sun,1
20160815,Mon,1
20160816,Tue,0
20160817,Wed,0
20160818,Thu,0
20160819,Fri,0
20160820,Sat,1
20160821,Sun,1
20160822,Mon,0
20160823,Tue,0
20160824,Wed,0
20160825,Thu,0
20160826,Fri,0
20160827,Sat,1
20160828,Sun,1
20160829,Mon,0
20160830,Tue,0
20160831,Wed,0
20160901,Thu,0
20160902,Fri,0
20160903,Sat,1
20160904,Sun,1
20160905,Mon,0
20160906,Tue,0
20160907,Wed,0
20160908,Thu,0
20160909,Fri,0
20160910,Sat,1
20160911,Sun,1
20160912,Mon,0
20160913,Tue,0
20160914,Wed,1
20160915,Thu,1
20160916,Fri,1
20160917,Sat,1
20160918,Sun,1
20160919,Mon,0
20160920,Tue,0
20160921,Wed,0
20160922,Thu,0
20160923,Fri,0
20160924,Sat,1
20160925,Sun,1
20160926,Mon,0
20160927,Tue,0
20160928,Wed,0
20160929,Thu,0
20160930,Fri,0
20161001,Sat,1
20161002,Sun,1
20161003,Mon,1
20161004,Tue,0
20161005,Wed,0
20161006,Thu,0
20161007,Fri,0
20161008,Sat,1
20161009,Sun,1
20161010,Mon,0
20161011,Tue,0
20161012,Wed,0
20161013,Thu,0
20161014,Fri,0
20161015,Sat,1
20161016,Sun,1
20161017,Mon,0
20161018,Tue,0
20161019,Wed,0
20161020,Thu,0
20161021,Fri,0
20161022,Sat,1
20161023,Sun,1
20161024,Mon,0
20161025,Tue,0
20161026,Wed,0
20161027,Thu,0
20161028,Fri,0
20161029,Sat,1
20161030,Sun,1
20161031,Mon,0
20161101,Tue,0
20161102,Wed,0
20161103,Thu,0
20161104,Fri,0
20161105,Sat,1
20161106,Sun,1
20161107,Mon,0
20161108,Tue,0
20161109,Wed,0
20161110,Thu,0
20161111,Fri,0
20161112,Sat,1
20161113,Sun,1
20161114,Mon,0
20161115,Tue,0
20161116,Wed,0
20161117,Thu,0
20161118,Fri,0
20161119,Sat,1
20161120,Sun,1
20161121,Mon,0
20161122,Tue,0
20161123,Wed,0
20161124,Thu,0
20161125,Fri,0
20161126,Sat,1
20161127,Sun,1
20161128,Mon,0
20161129,Tue,0
20161130,Wed,0
20161201,Thu,0
20161202,Fri,0
20161203,Sat,1
20161204,Sun,1
20161205,Mon,0
20161206,Tue,0
20161207,Wed,0
20161208,Thu,0
20161209,Fri,0
20161210,Sat,1
20161211,Sun,1
20161212,Mon,0
20161213,Tue,0
20161214,Wed,0
20161215,Thu,0
20161216,Fri,0
20161217,Sat,1
20161218,Sun,1
20161219,Mon,0
20161220,Tue,0
20161221,Wed,0
20161222,Thu,0
20161223,Fri,0
20161224,Sat,1
20161225,Sun,1
20161226,Mon,0
20161227,Tue,0
20161228,Wed,0
20161229,Thu,0
20161230,Fri,1
20161231,Sat,1
20170101,Sun,1
20170102,Mon,0
20170103,Tue,0
20170104,Wed,0
20170105,Thu,0
20170106,Fri,0
20170107,Sat,1
20170108,Sun,1
20170109,Mon,0
20170110,Tue,0
20170111,Wed,0
20170112,Thu,0
20170113,Fri,0
20170114,Sat,1
20170115,Sun,1
20170116,Mon,0
20170117,Tue,0
20170118,Wed,0
20170119,Thu,0
20170120,Fri,0
20170121,Sat,1
20170122,Sun,1
20170123,Mon,0
20170124,Tue,0
20170125,Wed,0
20170126,Thu,0
20170127,Fri,0
20170128,Sat,1
20170129,Sun,1
20170130,Mon,0
20170131,Tue,0
20170201,Wed,0
20170202,Thu,0
20170203,Fri,0
20170204,Sat,1
20170205,Sun,1
20170206,Mon,0
20170207,Tue,0
20170208,Wed,0
20170209,Thu,0
20170210,Fri,0
20170211,Sat,1
20170212,Sun,1
20170213,Mon,0
20170214,Tue,0
20170215,Wed,0
20170216,Thu,0
20170217,Fri,0
20170218,Sat,1
20170219,Sun,1
20170220,Mon,0
20170221,Tue,0
20170222,Wed,0
20170223,Thu,0
20170224,Fri,0
20170225,Sat,1
20170226,Sun,1
20170227,Mon,0
20170228,Tue,0
20170301,Wed,0
20170302,Thu,0
20170303,Fri,0
20170304,Sat,1
20170305,Sun,1
20170306,Mon,0
20170307,Tue,0
20170308,Wed,0
20170309,Thu,0
20170310,Fri,0
20170311,Sat,1
20170312,Sun,1
20170313,Mon,0
20170314,Tue,0
20170315,Wed,0
20170316,Thu,0
20170317,Fri,0
20170318,Sat,1
20170319,Sun,1
20170320,Mon,0
20170321,Tue,0
20170322,Wed,0
20170323,Thu,0
20170324,Fri,0
20170325,Sat,1
20170326,Sun,1
20170327,Mon,0
20170328,Tue,0
20170329,Wed,0
20170330,Thu,0
20170331,Fri,0
20170401,Sat,1
20170402,Sun,1
20170403,Mon,0
20170404,Tue,0
20170405,Wed,0
20170406,Thu,0
20170407,Fri,0
20170408,Sat,1
20170409,Sun,1
20170410,Mon,0
20170411,Tue,0
20170412,Wed,0
20170413,Thu,0
20170414,Fri,0
20170415,Sat,1
20170416,Sun,1
20170417,Mon,0
20170418,Tue,0
20170419,Wed,0
20170420,Thu,0
20170421,Fri,0
20170422,Sat,1
20170423,Sun,1
20170424,Mon,0
20170425,Tue,0
20170426,Wed,0
20170427,Thu,0
20170428,Fri,0
20170429,Sat,1
20170430,Sun,1
20170501,Mon,0
20170502,Tue,0
20170503,Wed,0
20170504,Thu,0
20170505,Fri,0
20170506,Sat,1
20170507,Sun,1
20170508,Mon,0
20170509,Tue,0
20170510,Wed,0
20170511,Thu,0
20170512,Fri,0
20170513,Sat,1
20170514,Sun,1
20170515,Mon,0
20170516,Tue,0
20170517,Wed,0
20170518,Thu,0
20170519,Fri,0
20170520,Sat,1
20170521,Sun,1
20170522,Mon,0
20170523,Tue,0
20170524,Wed,0
20170525,Thu,0
20170526,Fri,0
20170527,Sat,1
20170528,Sun,1
20170529,Mon,0
20170530,Tue,0
20170531,Wed,0
20170601,Thu,0
20170602,Fri,0
20170603,Sat,1
20170604,Sun,1
20170605,Mon,0
20170606,Tue,0
20170607,Wed,0
20170608,Thu,0
20170609,Fri,0
20170610,Sat,1
20170611,Sun,1
20170612,Mon,0
20170613,Tue,0
20170614,Wed,0
20170615,Thu,0
20170616,Fri,0
20170617,Sat,1
20170618,Sun,1
20170619,Mon,0
20170620,Tue,0
20170621,Wed,0
20170622,Thu,0
20170623,Fri,0
20170624,Sat,1
20170625,Sun,1
20170626,Mon,0
20170627,Tue,0
20170628,Wed,0
20170629,Thu,0
20170630,Fri,0
20170701,Sat,1
20170702,Sun,1
20170703,Mon,0
20170704,Tue,0
20170705,Wed,0
20170706,Thu,0
20170707,Fri,0
20170708,Sat,1
20170709,Sun,1
20170710,Mon,0
20170711,Tue,0
20170712,Wed,0
20170713,Thu,0
20170714,Fri,0
20170715,Sat,1
20170716,Sun,1
20170717,Mon,0
20170718,Tue,0
20170719,Wed,0
20170720,Thu,0
20170721,Fri,0
20170722,Sat,1
20170723,Sun,1
20170724,Mon,0
20170725,Tue,0
20170726,Wed,0
20170727,Thu,0
20170728,Fri,0
20170729,Sat,1
20170730,Sun,1
20170731,Mon,0
20170801,Tue,0
20170802,Wed,0
20170803,Thu,0
20170804,Fri,0
20170805,Sat,1
20170806,Sun,1
20170807,Mon,0
20170808,Tue,0
20170809,Wed,0
20170810,Thu,0
20170811,Fri,0
20170812,Sat,1
20170813,Sun,1
20170814,Mon,0
20170815,Tue,0
20170816,Wed,0
20170817,Thu,0
20170818,Fri,0
20170819,Sat,1
20170820,Sun,1
20170821,Mon,0
20170822,Tue,0
20170823,Wed,0
20170824,Thu,0
20170825,Fri,0
20170826,Sat,1
20170827,Sun,1
20170828,Mon,0
20170829,Tue,0
20170830,Wed,0
20170831,Thu,0
20170901,Fri,0
20170902,Sat,1
20170903,Sun,1
20170904,Mon,0
20170905,Tue,0
20170906,Wed,0
20170907,Thu,0
20170908,Fri,0
20170909,Sat,1
20170910,Sun,1
20170911,Mon,0
20170912,Tue,0
20170913,Wed,0
20170914,Thu,0
20170915,Fri,0
20170916,Sat,1
20170917,Sun,1
20170918,Mon,0
20170919,Tue,0
20170920,Wed,0
20170921,Thu,0
20170922,Fri,0
20170923,Sat,1
20170924,Sun,1
20170925,Mon,0
20170926,Tue,0
20170927,Wed,0
20170928,Thu,0
20170929,Fri,0
20170930,Sat,1
20171001,Sun,1
20171002,Mon,0
20171003,Tue,0
20171004,Wed,0
20171005,Thu,0
20171006,Fri,0
20171007,Sat,1
20171008,Sun,1
20171009,Mon,0
20171010,Tue,0
20171011,Wed,0
20171012,Thu,0
20171013,Fri,0
20171014,Sat,1
20171015,Sun,1
20171016,Mon,0
20171017,Tue,0
20171018,Wed,0
20171019,Thu,0
20171020,Fri,0
20171021,Sat,1
20171022,Sun,1
20171023,Mon,0
20171024,Tue,0
20171025,Wed,0
20171026,Thu,0
20171027,Fri,0
20171028,Sat,1
20171029,Sun,1
20171030,Mon,0
20171031,Tue,0
20171101,Wed,0
20171102,Thu,0
20171103,Fri,0
20171104,Sat,1
20171105,Sun,1
20171106,Mon,0
20171107,Tue,0
20171108,Wed,0
20171109,Thu,0
20171110,Fri,0
20171111,Sat,1
20171112,Sun,1
20171113,Mon,0
20171114,Tue,0
20171115,Wed,0
20171116,Thu,0
20171117,Fri,0
20171118,Sat,1
20171119,Sun,1
20171120,Mon,0
20171121,Tue,0
20171122,Wed,0
20171123,Thu,0
20171124,Fri,0
20171125,Sat,1
20171126,Sun,1
20171127,Mon,0
20171128,Tue,0
20171129,Wed,0
20171130,Thu,0
20171201,Fri,0
20171202,Sat,1
20171203,Sun,1
20171204,Mon,0
20171205,Tue,0
20171206,Wed,0
20171207,Thu,0
20171208,Fri,0
20171209,Sat,1
20171210,Sun,1
20171211,Mon,0
20171212,Tue,0
20171213,Wed,0
20171214,Thu,0
20171215,Fri,0
20171216,Sat,1
20171217,Sun,1
20171218,Mon,0
20171219,Tue,0
20171220,Wed,0
20171221,Thu,0
20171222,Fri,0
20171223,Sat,1
20171224,Sun,1
20171225,Mon,0
20171226,Tue,0
20171227,Wed,0
20171228,Thu,0
20171229,Fri,0
20171230,Sat,1
20171231,Sun,1
20180101,Mon,1
20180102,Tue,0
20180103,Wed,0
20180104,Thu,0
20180105,Fri,0
20180106,Sat,1
20180107,Sun,1
20180108,Mon,0
20180109,Tue,0
20180110,Wed,0
20180111,Thu,0
20180112,Fri,0
20180113,Sat,1
20180114,Sun,1
20180115,Mon,0
20180116,Tue,0
20180117,Wed,0
20180118,Thu,0
20180119,Fri,0
20180120,Sat,1
20180121,Sun,1
20180122,Mon,0
20180123,Tue,0
20180124,Wed,0
20180125,Thu,0
20180126,Fri,0
20180127,Sat,1
20180128,Sun,1
20180129,Mon,0
20180130,Tue,0
20180131,Wed,0
20180201,Thu,0
20180202,Fri,0
20180203,Sat,1
20180204,Sun,1
20180205,Mon,0
20180206,Tue,0
20180207,Wed,0
20180208,Thu,0
20180209,Fri,0
20180210,Sat,1
20180211,Sun,1
20180212,Mon,0
20180213,Tue,0
20180214,Wed,0
20180215,Thu,1
20180216,Fri,1
20180217,Sat,1
20180218,Sun,1
20180219,Mon,0
20180220,Tue,0
20180221,Wed,0
20180222,Thu,0
20180223,Fri,0
20180224,Sat,1
20180225,Sun,1
20180226,Mon,0
20180227,Tue,0
20180228,Wed,0
20180301,Thu,1
20180302,Fri,0
20180303,Sat,1
20180304,Sun,1
20180305,Mon,0
20180306,Tue,0
20180307,Wed,0
20180308,Thu,0
20180309,Fri,0
20180310,Sat,1
20180311,Sun,1
20180312,Mon,0
20180313,Tue,0
20180314,Wed,0
20180315,Thu,0
20180316,Fri,0
20180317,Sat,1
20180318,Sun,1
20180319,Mon,0
20180320,Tue,0
20180321,Wed,0
20180322,Thu,0
20180323,Fri,0
20180324,Sat,1
20180325,Sun,1
20180326,Mon,0
20180327,Tue,0
20180328,Wed,0
20180329,Thu,0
20180330,Fri,0
20180331,Sat,1
20180401,Sun,1
20180402,Mon,0
20180403,Tue,0
20180404,Wed,0
20180405,Thu,0
20180406,Fri,0
20180407,Sat,1
20180408,Sun,1
20180409,Mon,0
20180410,Tue,0
20180411,Wed,0
20180412,Thu,0
20180413,Fri,0
20180414,Sat,1
20180415,Sun,1
20180416,Mon,0
20180417,Tue,0
20180418,Wed,0
20180419,Thu,0
20180420,Fri,0
20180421,Sat,1
20180422,Sun,1
20180423,Mon,0
20180424,Tue,0
20180425,Wed,0
20180426,Thu,0
20180427,Fri,0
20180428,Sat,1
20180429,Sun,1
20180430,Mon,0
20180501,Tue,1
20180502,Wed,0
20180503,Thu,0
20180504,Fri,0
20180505,Sat,1
20180506,Sun,1
20180507,Mon,1
20180508,Tue,0
20180509,Wed,0
20180510,Thu,0
20180511,Fri,0
20180512,Sat,1
20180513,Sun,1
20180514,Mon,0
20180515,Tue,0
20180516,Wed,0
20180517,Thu,0
20180518,Fri,0
20180519,Sat,1
20180520,Sun,1
20180521,Mon,0
20180522,Tue,1
20180523,Wed,0
20180524,Thu,0
20180525,Fri,0
20180526,Sat,1
20180527,Sun,1
20180528,Mon,0
20180529,Tue,0
20180530,Wed,0
20180531,Thu,0
20180601,Fri,0
20180602,Sat,1
20180603,Sun,1
20180604,Mon,0
20180605,Tue,0
20180606,Wed,1
20180607,Thu,0
20180608,Fri,0
20180609,Sat,1
20180610,Sun,1
20180611,Mon,0
20180612,Tue,0
20180613,Wed,1
20180614,Thu,0
20180615,Fri,0
20180616,Sat,1
20180617,Sun,1
20180618,Mon,0
20180619,Tue,0
20180620,Wed,0
20180621,Thu,0
20180622,Fri,0
20180623,Sat,1
20180624,Sun,1
20180625,Mon,0
20180626,Tue,0
20180627,Wed,0
20180628,Thu,0
20180629,Fri,0
20180630,Sat,1
20180701,Sun,1
20180702,Mon,0
20180703,Tue,0
20180704,Wed,0
20180705,Thu,0
20180706,Fri,0
20180707,Sat,1
20180708,Sun,1
20180709,Mon,0
20180710,Tue,0
20180711,Wed,0
20180712,Thu,0
20180713,Fri,0
20180714,Sat,1
20180715,Sun,1
20180716,Mon,0
20180717,Tue,0
20180718,Wed,0
20180719,Thu,0
20180720,Fri,0
20180721,Sat,1
20180722,Sun,1
20180723,Mon,0
20180724,Tue,0
20180725,Wed,0
20180726,Thu,0
20180727,Fri,0
20180728,Sat,1
20180729,Sun,1
20180730,Mon,0
20180731,Tue,0
20180801,Wed,0
20180802,Thu,0
20180803,Fri,0
20180804,Sat,1
20180805,Sun,1
20180806,Mon,0
20180807,Tue,0
20180808,Wed,0
20180809,Thu,0
20180810,Fri,0
20180811,Sat,1
20180812,Sun,1
20180813,Mon,0
20180814,Tue,0
20180815,Wed,1
20180816,Thu,0
20180817,Fri,0
20180818,Sat,1
20180819,Sun,1
20180820,Mon,0
20180821,Tue,0
20180822,Wed,0
20180823,Thu,0
20180824,Fri,0
20180825,Sat,1
20180826,Sun,1
20180827,Mon,0
20180828,Tue,0
20180829,Wed,0
20180830,Thu,0
20180831,Fri,0
20180901,Sat,1
20180902,Sun,1
20180903,Mon,0
20180904,Tue,0
20180905,Wed,0
20180906,Thu,0
20180907,Fri,0
20180908,Sat,1
20180909,Sun,1
20180910,Mon,0
20180911,Tue,0
20180912,Wed,0
20180913,Thu,0
20180914,Fri,0
20180915,Sat,1
20180916,Sun,1
20180917,Mon,0
20180918,Tue,0
20180919,Wed,0
20180920,Thu,0
20180921,Fri,0
20180922,Sat,1
20180923,Sun,1
20180924,Mon,1
20180925,Tue,1
20180926,Wed,1
20180927,Thu,0
20180928,Fri,0
20180929,Sat,1
20180930,Sun,1
20181001,Mon,0
20181002,Tue,0
20181003,Wed,1
20181004,Thu,0
20181005,Fri,0
20181006,Sat,1
20181007,Sun,1
20181008,Mon,0
20181009,Tue,1
20181010,Wed,0
20181011,Thu,0
20181012,Fri,0
20181013,Sat,1
20181014,Sun,1
20181015,Mon,0
20181016,Tue,0
20181017,Wed,0
20181018,Thu,0
20181019,Fri,0
20181020,Sat,1
20181021,Sun,1
20181022,Mon,0
20181023,Tue,0
20181024,Wed,0
20181025,Thu,0
20181026,Fri,0
20181027,Sat,1
20181028,Sun,1
20181029,Mon,0
20181030,Tue,0
20181031,Wed,0
20181101,Thu,0
20181102,Fri,0
20181103,Sat,1
20181104,Sun,1
20181105,Mon,0
20181106,Tue,0
20181107,Wed,0
20181108,Thu,0
20181109,Fri,0
20181110,Sat,1
20181111,Sun,1
20181112,Mon,0
20181113,Tue,0
20181114,Wed,0
20181115,Thu,0
20181116,Fri,0
20181117,Sat,1
20181118,Sun,1
20181119,Mon,0
20181120,Tue,0
20181121,Wed,0
20181122,Thu,0
20181123,Fri,0
20181124,Sat,1
20181125,Sun,1
20181126,Mon,0
20181127,Tue,0
20181128,Wed,0
20181129,Thu,0
20181130,Fri,0
20181201,Sat,1
20181202,Sun,1
20181203,Mon,0
20181204,Tue,0
20181205,Wed,0
20181206,Thu,0
20181207,Fri,0
20181208,Sat,1
20181209,Sun,1
20181210,Mon,0
20181211,Tue,0
20181212,Wed,0
20181213,Thu,0
20181214,Fri,0
20181215,Sat,1
20181216,Sun,1
20181217,Mon,0
20181218,Tue,0
20181219,Wed,0
20181220,Thu,0
20181221,Fri,0
20181222,Sat,1
20181223,Sun,1
20181224,Mon,0
20181225,Tue,1
20181226,Wed,0
20181227,Thu,0
20181228,Fri,0
20181229,Sat,1
20181230,Sun,1
20181231,Mon,1
20190101,Tue,1
20190102,Wed,0
20190103,Thu,0
20190104,Fri,0
20190105,Sat,1
20190106,Sun,1
20190107,Mon,0
20190108,Tue,0
20190109,Wed,0
20190110,Thu,0
20190111,Fri,0
20190112,Sat,1
20190113,Sun,1
20190114,Mon,0
20190115,Tue,0
20190116,Wed,0
20190117,Thu,0
20190118,Fri,0
20190119,Sat,1
20190120,Sun,1
20190121,Mon,0
20190122,Tue,0
20190123,Wed,0
20190124,Thu,0
20190125,Fri,0
20190126,Sat,1
20190127,Sun,1
20190128,Mon,0
20190129,Tue,0
20190130,Wed,0
20190131,Thu,0
20190201,Fri,0
20190202,Sat,1
20190203,Sun,1
20190204,Mon,1
20190205,Tue,1
20190206,Wed,1
20190207,Thu,0
20190208,Fri,0
20190209,Sat,1
20190210,Sun,1
20190211,Mon,0
20190212,Tue,0
20190213,Wed,0
20190214,Thu,0
20190215,Fri,0
20190216,Sat,1
20190217,Sun,1
20190218,Mon,0
20190219,Tue,0
20190220,Wed,0
20190221,Thu,0
20190222,Fri,0
20190223,Sat,1
20190224,Sun,1
20190225,Mon,0
20190226,Tue,0
20190227,Wed,0
20190228,Thu,0
20190301,Fri,1
20190302,Sat,1
20190303,Sun,1
20190304,Mon,0
20190305,Tue,0
20190306,Wed,0
20190307,Thu,0
20190308,Fri,0
20190309,Sat,1
20190310,Sun,1
20190311,Mon,0
20190312,Tue,0
20190313,Wed,0
20190314,Thu,0
20190315,Fri,0
20190316,Sat,1
20190317,Sun,1
20190318,Mon,0
20190319,Tue,0
20190320,Wed,0
20190321,Thu,0
20190322,Fri,0
20190323,Sat,1
20190324,Sun,1
20190325,Mon,0
20190326,Tue,0
20190327,Wed,0
20190328,Thu,0
20190329,Fri,0
20190330,Sat,1
20190331,Sun,1
20190401,Mon,0
20190402,Tue,0
20190403,Wed,0
20190404,Thu,0
20190405,Fri,0
20190406,Sat,1
20190407,Sun,1
20190408,Mon,0
20190409,Tue,0
20190410,Wed,0
20190411,Thu,0
20190412,Fri,0
20190413,Sat,1
20190414,Sun,1
20190415,Mon,0
20190416,Tue,0
20190417,Wed,0
20190418,Thu,0
20190419,Fri,0
20190420,Sat,1
20190421,Sun,1
20190422,Mon,0
20190423,Tue,0
20190424,Wed,0
20190425,Thu,0
20190426,Fri,0
20190427,Sat,1
20190428,Sun,1
20190429,Mon,0
20190430,Tue,0
20190501,Wed,1
20190502,Thu,0
20190503,Fri,0
20190504,Sat,1
20190505,Sun,1
20190506,Mon,1
20190507,Tue,0
20190508,Wed,0
20190509,Thu,0
20190510,Fri,0
20190511,Sat,1
20190512,Sun,1
20190513,Mon,0
20190514,Tue,0
20190515,Wed,0
20190516,Thu,0
20190517,Fri,0
20190518,Sat,1
20190519,Sun,1
20190520,Mon,0
20190521,Tue,0
20190522,Wed,0
20190523,Thu,0
20190524,Fri,0
20190525,Sat,1
20190526,Sun,1
20190527,Mon,0
20190528,Tue,0
20190529,Wed,0
20190530,Thu,0
20190531,Fri,0
20190601,Sat,1
20190602,Sun,1
20190603,Mon,0
20190604,Tue,0
20190605,Wed,0
20190606,Thu,1
20190607,Fri,0
20190608,Sat,1
20190609,Sun,1
20190610,Mon,0
20190611,Tue,0
20190612,Wed,0
20190613,Thu,0
20190614,Fri,0
20190615,Sat,1
20190616,Sun,1
20190617,Mon,0
20190618,Tue,0
20190619,Wed,0
20190620,Thu,0
20190621,Fri,0
20190622,Sat,1
20190623,Sun,1
20190624,Mon,0
20190625,Tue,0
20190626,Wed,0
20190627,Thu,0
20190628,Fri,0
20190629,Sat,1
20190630,Sun,1
20190701,Mon,0
20190702,Tue,0
20190703,Wed,0
20190704,Thu,0
20190705,Fri,0
20190706,Sat,1
20190707,Sun,1
20190708,Mon,0
20190709,Tue,0
20190710,Wed,0
20190711,Thu,0
20190712,Fri,0
20190713,Sat,1
20190714,Sun,1
20190715,Mon,0
20190716,Tue,0
20190717,Wed,0
20190718,Thu,0
20190719,Fri,0
20190720,Sat,1
20190721,Sun,1
20190722,Mon,0
20190723,Tue,0
20190724,Wed,0
20190725,Thu,0
20190726,Fri,0
20190727,Sat,1
20190728,Sun,1
20190729,Mon,0
20190730,Tue,0
20190731,Wed,0
20190801,Thu,0
20190802,Fri,0
20190803,Sat,1
20190804,Sun,1
20190805,Mon,0
20190806,Tue,0
20190807,Wed,0
20190808,Thu,0
20190809,Fri,0
20190810,Sat,1
20190811,Sun,1
20190812,Mon,0
20190813,Tue,0
20190814,Wed,0
20190815,Thu,1
20190816,Fri,0
20190817,Sat,1
20190818,Sun,1
20190819,Mon,0
20190820,Tue,0
20190821,Wed,0
20190822,Thu,0
20190823,Fri,0
20190824,Sat,1
20190825,Sun,1
20190826,Mon,0
20190827,Tue,0
20190828,Wed,0
20190829,Thu,0
20190830,Fri,0
20190831,Sat,1
20190901,Sun,1
20190902,Mon,0
20190903,Tue,0
20190904,Wed,0
20190905,Thu,0
20190906,Fri,0
20190907,Sat,1
20190908,Sun,1
20190909,Mon,0
20190910,Tue,0
20190911,Wed,0
20190912,Thu,1
20190913,Fri,1
20190914,Sat,1
20190915,Sun,1
20190916,Mon,0
20190917,Tue,0
20190918,Wed,0
20190919,Thu,0
20190920,Fri,0
20190921,Sat,1
20190922,Sun,1
20190923,Mon,0
20190924,Tue,0
20190925,Wed,0
20190926,Thu,0
20190927,Fri,0
20190928,Sat,1
20190929,Sun,1
20190930,Mon,0
20191001,Tue,0
20191002,Wed,0
20191003,Thu,1
20191004,Fri,0
20191005,Sat,1
20191006,Sun,1
20191007,Mon,0
20191008,Tue,0
20191009,Wed,1
20191010,Thu,0
20191011,Fri,0
20191012,Sat,1
20191013,Sun,1
20191014,Mon,0
20191015,Tue,0
20191016,Wed,0
20191017,Thu,0
20191018,Fri,0
20191019,Sat,1
20191020,Sun,1
20191021,Mon,0
20191022,Tue,0
20191023,Wed,0
20191024,Thu,0
20191025,Fri,0
20191026,Sat,1
20191027,Sun,1
20191028,Mon,0
20191029,Tue,0
20191030,Wed,0
20191031,Thu,0
20191101,Fri,0
20191102,Sat,1
20191103,Sun,1
20191104,Mon,0
20191105,Tue,0
20191106,Wed,0
20191107,Thu,0
20191108,Fri,0
20191109,Sat,1
20191110,Sun,1
20191111,Mon,0
20191112,Tue,0
20191113,Wed,0
20191114,Thu,0
20191115,Fri,0
20191116,Sat,1
20191117,Sun,1
20191118,Mon,0
20191119,Tue,0
20191120,Wed,0
20191121,Thu,0
20191122,Fri,0
20191123,Sat,1
20191124,Sun,1
20191125,Mon,0
20191126,Tue,0
20191127,Wed,0
20191128,Thu,0
20191129,Fri,0
20191130,Sat,1
20191201,Sun,1
20191202,Mon,0
20191203,Tue,0
20191204,Wed,0
20191205,Thu,0
20191206,Fri,0
20191207,Sat,1
20191208,Sun,1
20191209,Mon,0
20191210,Tue,0
20191211,Wed,0
20191212,Thu,0
20191213,Fri,0
20191214,Sat,1
20191215,Sun,1
20191216,Mon,0
20191217,Tue,0
20191218,Wed,0
20191219,Thu,0
20191220,Fri,0
20191221,Sat,1
20191222,Sun,1
20191223,Mon,0
20191224,Tue,0
20191225,Wed,1
20191226,Thu,0
20191227,Fri,0
20191228,Sat,1
20191229,Sun,1
20191230,Mon,0
20191231,Tue,1
