stockCode,stackName,date,startPrice,highPrice,lowPrice,finalPrice,amountTrade,amounForeigner,amountAgencyBuy,days5MovAvr,days20MovAvr,days60MovAvr,days120MovAvr
A183300,코미코,20190129,24700,24700,23900,24200,20677,1901459,-1215,24320,22540,22169,25371
A183300,코미코,20190128,24850,25450,24500,24850,24198,1906050,-3194,24290,22398,22155,25435
A183300,코미코,20190125,24150,25000,24150,25000,28047,1898488,-2676,24150,22188,22142,25496
A183300,코미코,20190124,23550,24500,23450,24100,26306,1894070,2080,23890,22010,22112,25555
A183300,코미코,20190123,23650,23850,23300,23450,17754,1891112,-1504,23760,21868,22087,25630
A183300,코미코,20190122,24000,24050,23550,24050,11799,1886704,2928,23750,21715,22082,25693
A183300,코미코,20190121,23900,24450,23100,24150,20411,1887262,-683,23370,21490,22091,25746
A183300,코미코,20190118,23800,23800,23150,23700,18168,1886813,-1176,22910,21305,22117,25806
A183300,코미코,20190117,23100,23650,23100,23450,31717,1889161,-1881,22500,21135,22152,25863
A183300,코미코,20190116,22350,23600,22150,23400,39881,1891455,803,22240,21020,22200,25938
A183300,코미코,20190115,22100,22450,22000,22150,32684,1890012,-1786,21880,20900,22257,26004
A183300,코미코,20190114,21650,22150,21450,21850,19685,1891116,419,21530,20878,22302,26082
A183300,코미코,20190111,22700,22700,21500,21650,27393,1890544,-9253,21120,20845,22368,26148
A183300,코미코,20190110,21400,22850,21250,22150,51901,1892256,381,20710,20812,22424,26224
A183300,코미코,20190109,20150,21900,20150,21600,57711,1881995,-22312,20320,20768,22477,26293
A183300,코미코,20190108,20000,20700,19800,20400,34821,1856846,-11935,20210,20790,22536,26361
A183300,코미코,20190107,19800,20050,19450,19800,31294,1841473,-9431,20400,20868,22610,26434
A183300,코미코,20190104,20100,20550,19250,19600,34360,1833470,-5578,20570,21008,22720,26523
A183300,코미코,20190103,21050,21350,20000,20200,44815,1831540,-11976,20940,21145,22843,26604
A183300,코미코,20190102,21350,21350,20700,21050,11103,1825426,-1798,21150,21262,22957,26673
A183300,코미코,20181228,20850,21350,20650,21350,9313,1826967,-1632,21020,21295,23052,26736
A183300,코미코,20181227,21400,21600,20450,20650,29609,1823586,-15006,20660,21330,23160,26797
A183300,코미코,20181226,20700,21750,20700,21450,20189,1822105,880,20620,21382,23289,26859
A183300,코미코,20181224,20350,21600,20350,21250,29996,1819083,-4843,20390,21382,23416,26902
A183300,코미코,20181221,19650,20550,19550,20400,31002,1807572,-2791,20370,21415,23552,26962
A183300,코미코,20181220,20300,20300,19350,19550,48837,1799758,-8942,20490,21485,23710,27025
A183300,코미코,20181219,20300,20850,20200,20450,14968,1793587,-1860,20920,21560,23888,27099
A183300,코미코,20181218,21200,21350,19500,20300,40933,1790981,-12059,21070,21610,24040,27171
A183300,코미코,20181217,21100,21500,20700,21150,20653,1785568,-3465,21210,21668,24189,27240
A183300,코미코,20181214,21650,21650,20000,21000,28070,1781628,-575,21230,21735,24331,27309
A183300,코미코,20181213,21200,21700,21000,21700,14644,1784774,1178,21440,21832,24481,27364
A183300,코미코,20181212,21000,21350,20950,21200,16132,1783662,-2224,21490,21905,24612,27419
A183300,코미코,20181211,21400,22300,21000,21000,36134,1785430,-15851,21770,21985,24755,27475
A183300,코미코,20181210,21700,22000,21200,21250,26980,1786848,52,22040,22062,24899,27538
A183300,코미코,20181207,22200,22200,21650,22050,13175,1787405,-1418,22300,22162,25042,27610
A183300,코미코,20181206,22550,22550,21800,21950,31426,1790261,280,22230,22205,25172,27674
A183300,코미코,20181205,21700,22850,21450,22600,40936,1795086,4281,22250,22272,25320,27745
A183300,코미코,20181204,22500,23000,22300,22350,16984,1786635,989,22070,22302,25461,27815
A183300,코미코,20181203,21750,22700,21750,22550,31318,1788619,482,21890,22395,25607,27890
A183300,코미코,20181130,21850,22150,21550,21700,29265,1781101,1328,21760,22508,25748,27965
A183300,코미코,20181129,22150,22500,21800,22050,38530,1783618,12397,21780,22672,25896,28046
A183300,코미코,20181128,21450,21900,21400,21700,31317,1780688,1216,21580,22738,26031,28128
A183300,코미코,20181127,21900,22150,21400,21450,19332,1783500,-3869,21530,22858,26174,28209
A183300,코미코,20181126,21650,22000,21450,21900,19923,1790480,-5675,21530,22945,26328,28302
A183300,코미코,20181123,21050,21900,21050,21800,25861,1789223,2222,21650,22978,26468,28382
A183300,코미코,20181122,21500,21750,21050,21050,45074,1784681,-12214,21880,23048,26616,28471
A183300,코미코,20181121,21100,21650,20550,21450,38151,1784411,2168,22300,23222,26763,28579
A183300,코미코,20181120,22050,22250,21250,21450,43256,1779869,-4847,22570,23435,26903,28688
A183300,코미코,20181119,23250,23250,22500,22500,16748,1784136,-2213,22790,23652,27041,28794
A183300,코미코,20181116,23100,23700,22950,22950,14993,1787032,326,22940,23845,27160,28886
A183300,코미코,20181115,22800,23150,22350,23150,9391,1779090,-20,22930,24038,27278,28972
A183300,코미코,20181114,22550,23200,22500,22800,13689,1781663,462,22960,24125,27394,29071
A183300,코미코,20181113,22600,22850,22050,22550,23447,1798761,-2475,23040,24272,27519,29164
A183300,코미코,20181112,22650,23800,22550,23250,22632,1800997,-4527,23370,24398,27649,29252
A183300,코미코,20181109,23650,23650,22500,22900,41580,1796265,-2122,23680,24500,27773,29340
A183300,코미코,20181108,23550,24250,23250,23300,23960,1811178,-3304,24100,24612,27923,29432
A183300,코미코,20181107,24050,24400,23200,23200,21026,1816595,24,24110,24690,28060,29540
A183300,코미코,20181106,24750,24750,24000,24200,17828,1824216,-3503,24290,24850,28202,29645
A183300,코미코,20181105,24900,24900,23900,24800,12205,1831192,-686,24090,24990,28328,29748
A183300,코미코,20181102,23550,25150,23550,25000,37949,1840185,4234,23640,25100,28459,29837
A183300,코미코,20181101,24100,24450,23350,23350,45464,1826785,-3857,23280,25190,28572,29930
A183300,코미코,20181031,23250,24150,22800,24100,33472,1831149,4634,23520,25412,28716,30040
A183300,코미코,20181030,22200,23350,22000,23200,43077,1832133,7075,23840,25628,28850,30152
A183300,코미코,20181029,23200,23950,22350,22550,45628,1833859,5286,24360,25920,28997,30275
A183300,코미코,20181026,24750,24850,22500,23200,61666,1834305,-27756,25120,26262,29173,30400
A183300,코미코,20181025,25100,25100,23850,24550,62667,1836179,-75,25840,26598,29303,30512
A183300,코미코,20181024,26050,26350,24950,25700,54421,1848857,1804,25910,26882,29401,30608
A183300,코미코,20181023,26150,26550,25500,25800,28728,1849949,-642,25920,27075,29496,30716
A183300,코미코,20181022,26600,26650,26150,26350,17200,1852991,-92,25770,27248,29574,30817
A183300,코미코,20181019,24800,29500,24500,26800,96328,1854707,2163,25560,27412,29675,30906
A183300,코미코,20181018,25750,25850,24650,24900,50962,1846437,-18921,25230,27572,29751,30991
A183300,코미코,20181017,25400,26100,25400,25750,19064,1843711,-1024,25220,27805,29861,31085
A183300,코미코,20181016,25300,26000,25050,25050,13296,1845854,2537,25350,28008,29929,31156
A183300,코미코,20181015,25250,26000,24750,25300,22624,1854816,6995,25740,28238,30023,31230
A183300,코미코,20181012,24050,25350,24050,25150,21292,1863910,2571,26080,28462,30109,31294
A183300,코미코,20181011,25300,25350,24550,24850,76352,1863875,10232,26410,28700,30186,31358
A183300,코미코,20181010,27000,27150,26200,26400,53051,1868816,17042,27000,28998,30258,31426
A183300,코미코,20181008,27100,27800,27000,27000,14811,1876727,-271,27400,29230,30326,31465
A183300,코미코,20181005,26800,27150,26400,27000,20816,1878679,-434,27810,29435,30365,31495
A183300,코미코,20181004,27800,28100,26750,26800,28562,1888165,-2813,28290,29635,30390,31525
A183300,코미코,20181002,28500,28700,27650,27800,26756,1896226,1367,28910,29825,30420,31556
A183300,코미코,20181001,28700,28800,27950,28400,42704,1899138,-9525,29400,29942,30433,31577
A183300,코미코,20180928,29400,29400,28400,29050,33948,1903340,-6242,29630,30038,30428,31592
A183300,코미코,20180927,29600,29650,29250,29400,30235,1908943,-1409,29670,30118,30388,31594
A183300,코미코,20180921,30500,30650,29700,29900,26856,1920753,1579,29720,30165,30372,31602
A183300,코미코,20180920,31100,31200,29700,30250,87058,1931987,25630,29740,30202,30340,31611
A183300,코미코,20180919,29150,29550,29000,29550,37934,1952568,1391,29600,30185,30310,31630
A183300,코미코,20180918,29650,29650,29100,29250,30756,1959825,-8034,29650,30200,30302,31647
A183300,코미코,20180917,30100,30150,29400,29650,20865,1961424,-390,29730,30222,30291,31655
A183300,코미코,20180914,29600,30400,29550,30000,40034,1969683,17103,29760,30222,30288,31661
A183300,코미코,20180913,29850,29850,29300,29550,34318,1980027,9615,29740,30222,30248,31676
A183300,코미코,20180912,29600,29950,29250,29800,34825,1976816,8027,29990,30252,30226,31693
A183300,코미코,20180911,29600,30200,29400,29650,34396,1985433,1787,30240,30278,30194,31704
A183300,코미코,20180910,29800,30200,29250,29800,56430,1994204,1049,30530,30312,30177,31719
A183300,코미코,20180907,30350,30650,29600,29900,55755,2002955,-436,30770,30358,30178,31715
A183300,코미코,20180906,31100,31200,30750,30800,18810,2023883,1469,30910,30458,30176,31706
A183300,코미코,20180905,30950,31450,30600,31050,54120,2030719,11438,30780,30492,30169,31691
A183300,코미코,20180904,31000,31500,30550,31100,31518,2039791,9726,30630,30525,30168,31674
A183300,코미코,20180903,30650,31650,30550,31000,29362,2053676,3014,30540,30560,30174,31655
A183300,코미코,20180831,30100,30850,30050,30600,19826,2062629,2462,30410,30642,30182,31635
A183300,코미코,20180830,30550,30550,29950,30150,21118,2063612,-61,30420,30702,30197,31611
A183300,코미코,20180829,30650,30650,30200,30300,15480,2068787,1896,30370,30792,30224,31591
A183300,코미코,20180828,31000,31200,30250,30650,27252,2073819,7394,30280,30885,30243,31572
A183300,코미코,20180827,30700,31100,30000,30350,30460,2081300,-3357,30090,30952,30278,31542
A183300,코미코,20180824,29950,30850,29900,30650,35013,2088411,12035,29950,31092,30296,31521
A183300,코미코,20180823,29850,30100,29650,29900,40651,2101042,17186,29820,31110,30327,31498
A183300,코미코,20180822,29650,30150,29650,29850,15616,2115991,1766,29870,31135,30394,31479
A183300,코미코,20180821,29550,30100,28850,29700,41585,2117985,-296,29960,31212,30472,31459
A183300,코미코,20180820,30050,30100,29600,29650,18836,2123577,-296,30090,31252,30547,31444
A183300,코미코,20180817,30200,30450,29900,30000,20211,2125901,-3409,30300,31390,30612,31417
A183300,코미코,20180816,30000,30300,28950,30150,39939,2123398,847,30680,31458,30667,31384
A183300,코미코,20180814,30600,30800,30000,30300,20365,2120698,920,30950,31525,30748,31348
A183300,코미코,20180813,30300,30800,29750,30350,56442,2124900,32273,31230,31502,30809,31316
A183300,코미코,20180810,31650,31900,30050,30700,100447,2125225,11166,31520,31520,30854,31280
A183300,코미코,20180809,32050,32950,31800,31900,71527,2139727,2477,31910,31508,30908,31238
A183300,코미코,20180808,31950,32000,31400,31500,21248,2150080,4119,31890,31400,30940,31186
A183300,코미코,20180807,31700,31900,31400,31700,30732,2154859,4658,31980,31285,31021,31133
A183300,코미코,20180806,32750,32750,31650,31800,41255,2156023,1259,32070,31222,31088,31074
A183300,코미코,20180803,31900,32800,31600,32650,43153,2168123,20458,32110,31100,31167,31002
A183300,코미코,20180802,32150,32150,31200,31800,30146,2167573,779,32210,30892,31215,30922
A183300,코미코,20180801,32100,32200,31550,31950,29917,2168903,2688,32050,30732,31287,30850
A183300,코미코,20180731,31800,32350,31500,32150,32410,2178917,143,31740,30565,31364,30786
A183300,코미코,20180730,33150,33150,31800,32000,46832,2188459,-1963,31590,30362,31453,30720
A183300,코미코,20180727,31100,33200,30850,33150,111330,2206728,31707,31290,30092,31553,30656
A183300,코미코,20180726,30600,31350,30300,31000,42213,2190986,5665,31140,29858,31626,30583
A183300,코미코,20180725,31350,31750,30250,30400,71844,2180248,18787,31210,29708,31721,30530
A183300,코미코,20180724,30500,31700,30500,31400,49459,2181877,14299,31430,29610,31814,30480
A183300,코미코,20180723,32550,32550,30150,30500,115132,2187370,3104,31120,29492,31936,30417
A183300,코미코,20180720,31700,32850,31100,32400,78037,2215772,13461,31160,29398,32059,30366
A183300,코미코,20180719,31850,32400,31050,31350,99238,2213614,14026,30770,29250,32137,30294
A183300,코미코,20180718,29850,32100,29850,31500,152663,2235617,11518,30450,29062,32231,30231
A183300,코미코,20180717,30650,30650,29400,29850,46159,2270120,-3509,29990,28900,32308,30172
A183300,코미코,20180716,30500,30750,30050,30700,34008,2282458,7289,30110,28802,32383,30129
A183300,코미코,20180713,29950,30500,29300,30450,39669,2293739,3881,29840,28698,32436,30071
A183300,코미코,20180712,29150,30250,28800,29750,32652,2298024,4786,29450,28670,32479,30022
A183300,코미코,20180711,30100,30100,29050,29200,63059,2300650,-5142,29220,28670,32531,29972
A183300,코미코,20180710,29600,30550,28900,30450,58634,2330828,17133,29100,28730,32594,29928
A183300,코미코,20180709,28700,29750,28500,29350,62363,2347989,6504,28630,28758,32603,29876
A183300,코미코,20180706,28500,28600,27600,28500,47149,2367379,11132,28080,28862,32625,29831
A183300,코미코,20180705,28550,28900,28100,28600,22363,2392012,1753,28070,29012,32659,29799
A183300,코미코,20180704,27850,29100,27750,28600,26221,2397069,497,27950,29155,32692,29763
A183300,코미코,20180703,26650,28150,26650,28100,56374,2410289,20392,27920,29315,32720,29733
A183300,코미코,20180702,28000,28400,26350,26600,83058,2403780,-2438,28110,29482,32755,29708
A183300,코미코,20180629,28000,28500,27500,28450,32702,2400631,7782,28510,29788,32801,29699
A183300,코미코,20180628,28350,29150,27500,28000,46676,2405400,7371,28710,29938,32832,29673
A183300,코미코,20180627,29450,29450,28400,28450,41828,2416643,12002,28630,30162,32882,29654
A183300,코미코,20180626,27650,29500,27650,29050,60013,2430353,11973,28590,30438,32949,29629
A183300,코미코,20180625,29350,29350,27950,28600,50130,2441654,7385,28360,30710,32992,29593
A183300,코미코,20180622,27550,29900,27100,29450,99085,2458303,33357,28360,30990,33018,29562
A183300,코미코,20180621,28050,28400,27250,27600,47846,2474249,-18207,28450,31195,33034,29520
A183300,코미코,20180620,28000,28650,27550,28250,59058,2472629,-14605,28880,31480,33104,29500
A183300,코미코,20180619,28450,28600,27800,27900,40645,2472655,-11456,29310,31818,33160,29474
A183300,코미코,20180618,29800,29950,27600,28600,91623,2476103,6719,29930,32122,33214,29451
A183300,코미코,20180615,29750,30200,29200,29900,47629,2489347,335,30500,32345,33261,29426
A183300,코미코,20180614,30500,30700,29750,29750,50448,2494703,-6870,30820,32545,33251,29395
A183300,코미코,20180612,31150,31300,30100,30400,75440,2482161,-2214,31160,32750,33237,29366
A183300,코미코,20180611,31650,31700,30750,31000,66271,2483329,15698,31440,33048,33213,29328
A183300,코미코,20180608,31550,32100,31250,31450,136180,2492083,-35620,31530,33285,33179,29290
A183300,코미코,20180607,32500,32500,31400,31500,129863,2474734,-7403,31780,33538,33136,29242
A183300,코미코,20180605,31500,32100,31100,31450,40114,2515413,-1712,31770,33740,33088,29198
A183300,코미코,20180604,31450,32150,30400,31800,88047,2531062,6294,31980,33972,33026,29163
A183300,코미코,20180601,32600,32600,30950,31450,80407,2538765,-15538,32410,34212,32958,29128
A183300,코미코,20180531,31500,33050,31500,32700,59735,2512424,0,33020,34515,32901,29095
A183300,코미코,20180530,32700,32700,30950,31450,82639,2490476,-6165,33320,34780,32806,29054
A183300,코미코,20180529,33700,33700,32300,32500,107094,2486345,3390,33740,35082,32747,29021
A183300,코미코,20180528,34400,34800,33700,33950,33458,2504113,4729,33900,35292,32670,28986
A183300,코미코,20180525,34200,34650,33450,34500,35561,2507271,11886,34110,35395,32563,28933
A183300,코미코,20180524,33600,34650,33600,34200,36287,2509449,967,34010,35605,32447,28886
A183300,코미코,20180523,33300,34200,32500,33550,202102,2506324,-31232,33780,35790,32341,28845
A183300,코미코,20180521,35250,35250,33050,33300,104934,2475617,4934,33850,35965,32222,28801
A183300,코미코,20180518,34400,35000,33200,35000,47914,2507189,12995,33960,36150,32102,28758
A183300,코미코,20180517,33350,34450,32750,34000,59448,2514677,11069,34230,36208,31948,28687
A183300,코미코,20180516,33850,34250,32750,33050,87613,2524120,-2578,34580,36225,31823,28619
A183300,코미코,20180515,34000,34050,32700,33900,151576,2531217,2044,35270,36265,31706,28561
A183300,코미코,20180514,36350,36350,33500,33850,165552,2505953,-5139,35600,36222,31568,28499
A183300,코미코,20180511,36000,36450,35550,36350,66193,2503948,-7957,36050,36172,31432,28439
A183300,코미코,20180510,36500,36500,34900,35750,72585,2498013,-17961,36100,36005,31245,28347
A183300,코미코,20180509,35750,36750,34750,36500,94122,2476018,3571,36450,35768,31059,28274
A183300,코미코,20180508,37000,37000,34550,35550,60022,2454233,-10267,36750,35475,30837,28185
A183300,코미코,20180504,36200,36900,35450,36100,55166,2432822,8038,37140,35225,30630,28102
A183300,코미코,20180503,37400,37900,36300,36600,56963,2423544,-8554,37260,34948,30413,28007
A183300,코미코,20180502,37600,38450,36200,37500,143596,2416940,-841,37140,34632,30208,27903
A183300,코미코,20180430,37300,38050,36550,38000,132675,2404535,35867,37380,34268,29988,27790
A183300,코미코,20180427,37100,37850,36800,37500,65009,2402547,14399,37360,33835,29759,27671
A183300,코미코,20180426,36400,36800,35950,36700,74622,2396583,-2050,37270,33475,29541,27555
A183300,코미코,20180425,38300,38300,35900,36000,229856,2377093,5042,37330,33190,29338,27448
A183300,코미코,20180424,38200,39000,38000,38700,125151,2369248,-3419,37360,33015,29145,27346
A183300,코미코,20180423,36700,38650,36650,37900,160505,2332283,14075,36490,32660,28898,27225
A183300,코미코,20180420,36800,38500,36400,37050,210595,2306907,-14420,35680,32275,28672,27111
A183300,코미코,20180419,36300,37000,35850,37000,260028,2253125,-54378,34880,31942,28451,27002
A183300,코미코,20180418,34600,36200,34150,36150,269254,2174112,10723,34050,31682,28231,26893
A183300,코미코,20180417,34150,35000,34000,34350,164554,2058738,10075,33420,31455,28037,26783
A183300,코미코,20180416,33050,33950,33050,33850,129365,2045854,9853,32750,31295,27875,26686
A183300,코미코,20180413,33800,34650,32950,33050,169784,2028954,6950,32110,31172,27706,26592
A183300,코미코,20180412,32900,33000,31850,32850,417806,2036442,-82282,31610,30985,27565,26503
A183300,코미코,20180411,31200,36000,31000,33000,245805,1962001,-6721,31150,30788,27414,26417
A183300,코미코,20180410,30750,31600,29950,31000,45687,1935963,6771,30610,30588,27261,26331
A183300,코미코,20180409,30200,30850,29700,30650,45618,1938596,-15885,30450,30485,27148,26261
A183300,코미코,20180406,30200,30550,29850,30550,50125,1918776,2186,30190,30395,27037,26196
A183300,코미코,20180405,30400,30950,30150,30550,78868,1898706,-39481,30140,30300,26938,26134
A183300,코미코,20180404,30400,30700,29800,30300,93909,1882185,-334,30230,30158,26834,26075
A183300,코미코,20180403,28900,30300,28900,30200,85216,1862181,-17973,30670,30028,26747,26020
A183300,코미코,20180402,30700,30700,28800,29350,106389,1829266,-39636,30950,29920,26660,25956
A183300,코미코,20180330,31250,31300,30000,30300,71416,1823366,-16775,31120,29802,26597,25895
A183300,코미코,20180329,32700,32700,30400,31000,154793,1817898,-43991,31140,29682,26515,25831
A183300,코미코,20180328,31500,32850,31000,32500,113779,1824904,-6068,31300,29528,26426,25761
A183300,코미코,20180327,31250,31800,30700,31600,120431,1781628,-6295,31120,29280,26309,25680
A183300,코미코,20180326,29800,30700,28500,30200,90453,1722319,-7349,31030,29075,26195,25610
A183300,코미코,20180323,31000,31300,29300,30400,167623,1703149,8696,31270,28958,26107,25553
A183300,코미코,20180322,31500,32450,31100,31800,86581,1683574,-9682,31050,28758,26007,25494
A183300,코미코,20180321,31100,32150,30850,31600,110069,1665860,-1265,30470,28472,25895,25426
A183300,코미코,20180320,31350,31750,30700,31150,111795,1638883,-12376,29950,28182,25788,25362
A183300,코미코,20180319,29850,31500,29600,31400,242876,1614758,30195,29510,27950,25688,25299
A183300,코미코,20180316,29000,29550,28900,29300,65340,1578349,237,29000,27680,25592,25233
A183300,코미코,20180315,29100,29200,28700,28900,56434,1557346,-13660,28870,27498,25539,25184
A183300,코미코,20180314,28950,29050,28750,29000,52250,1539240,-17157,28630,27338,25496,25139
A183300,코미코,20180313,29100,29300,28650,28950,68133,1521123,4038,28370,27142,25442,25084
A183300,코미코,20180312,29000,29450,28650,28850,94037,1507862,-8417,28190,26925,25400,25032
A183300,코미코,20180309,28100,29100,27800,28650,154234,1480784,4982,27820,26640,25348,24985
A183300,코미코,20180308,27850,28250,27550,27700,44563,1418255,-17901,27670,26365,25308,24939
A183300,코미코,20180307,28150,28150,27450,27700,66291,1402876,-692,27710,26135,25301,24896
A183300,코미코,20180306,27350,28150,27200,28050,101302,1390228,-31135,27680,25962,25298,24850
A183300,코미코,20180305,27550,27950,26750,27000,112196,1348690,-37276,27570,25775,25290,24809
A183300,코미코,20180302,27600,28250,27250,27900,80235,1289101,17716,27740,25640,25302,24782
A183300,코미코,20180228,27350,27900,27100,27900,74500,1284321,5713,27440,25465,25295,24751
A183300,코미코,20180227,27450,27850,27200,27550,36511,1249614,-986,27080,25298,25302,24717
A183300,코미코,20180226,28150,28400,27350,27500,115520,1240141,10025,26730,25140,25303,24691
A183300,코미코,20180223,26500,27900,26400,27850,221016,1202964,29716,26530,24960,25325,24670
A183300,코미코,20180222,26050,26600,25800,26400,86905,1131538,778,26160,24785,25349,24642
A183300,코미코,20180221,25800,26200,25500,26100,37865,1094019,82,26010,24652,25380,24630
A183300,코미코,20180220,26400,26500,25800,25800,61551,1082865,6006,25930,24538,25415,24621
A183300,코미코,20180219,26200,26600,26000,26500,111594,1070912,18345,25790,24472,25425,24612
A183300,코미코,20180214,25650,26050,25300,26000,66983,1042260,19335,25410,24380,25415,24594
A183300,코미코,20180213,25700,26000,25250,25650,102370,1036644,39951,24840,24265,25417,24580
A183300,코미코,20180212,25200,26250,24950,25700,177587,1038600,53545,24340,24212,25429,24568
A183300,코미코,20180209,23850,25400,23650,25100,169248,1027442,18066,23820,24118,25446,24551
A183300,코미코,20180208,23050,24600,23000,24600,120516,1008701,26682,23650,24052,25449,24537
A183300,코미코,20180207,23800,24150,23000,23150,95014,1016137,13064,23590,24035,25489,24532
A183300,코미코,20180206,22000,23250,21450,23150,167341,1015082,42851,23820,24075,25533,24536
A183300,코미코,20180205,23500,23650,22800,23100,92001,1020611,-3236,24070,24150,25575,24545
A183300,코미코,20180202,24350,24350,23750,24250,51580,1029216,7871,24360,24210,25601,24551
A183300,코미코,20180201,24250,24500,24000,24300,48494,1035525,7210,24390,24250,25598,24554
A183300,코미코,20180131,24300,24350,23900,24300,66599,1037741,-8706,24310,24285,25592,24565
A183300,코미코,20180130,24350,24550,23950,24400,112369,1032618,6420,24320,24348,25582,24580
A183300,코미코,20180129,24450,24900,24300,24550,77389,1028432,-11656,24190,24398,25568,24582
A183300,코미코,20180126,24000,24500,23750,24400,62419,1032134,6608,24040,24452,25558,24581
A183300,코미코,20180125,24450,24500,23800,23900,81638,1020877,-6443,24060,24508,25547,24583
A183300,코미코,20180124,23900,24450,23650,24350,68627,1025015,8960,24210,24550,25552,24599
A183300,코미코,20180123,23850,23850,23500,23750,57911,1008363,-3991,24080,24578,25550,24609
A183300,코미코,20180122,24550,24650,23550,23800,103607,1004049,-20255,24250,24610,25552,24634
A183300,코미코,20180119,24550,24650,24250,24500,58842,1009978,4242,24250,24675,25556,24658
A183300,코미코,20180118,23850,24700,23700,24650,119239,1000543,17385,24110,24708,25529,24670
A183300,코미코,20180117,24600,24600,22900,23700,118108,972440,-40587,24030,24735,25497,24678
A183300,코미코,20180116,23700,24600,23500,24600,103541,985161,-2390,24080,24830,25478,24695
A183300,코미코,20180115,23800,24200,23400,23800,73750,982956,-12658,24090,24908,25441,24705
A183300,코미코,20180112,24250,24400,23400,23800,100381,974184,-3625,24190,25032,25419,24709
A183300,코미코,20180111,23950,24350,23750,24250,64485,968903,22892,24440,25132,25402,24707
A183300,코미코,20180110,24700,25000,23400,23950,175267,967016,-50468,24590,25240,25374,24698
A183300,코미코,20180109,24100,24800,23950,24650,60377,958874,14719,24910,25328,25356,24701
A183300,코미코,20180108,24950,25000,23600,24300,196427,948476,-10524,25060,25408,25330,24703
A183300,코미코,20180105,25200,25450,24700,25050,102772,938201,-16683,25330,25558,25317,24702
A183300,코미코,20180104,25550,25600,24650,25000,89777,925088,1170,25420,25682,25293,24692
A183300,코미코,20180103,25400,25800,25100,25550,93556,922634,6989,25370,25810,25252,24683
A183300,코미코,20180102,25550,25800,25050,25400,82568,924696,13608,25240,25918,25194,24672
A183300,코미코,20171228,25500,25700,24950,25650,104822,933962,-8753,25040,26022,25147,24651
A183300,코미코,20171227,24750,25550,24450,25500,58926,938011,-1548,24930,26158,25097,24631
A183300,코미코,20171226,24900,25050,24450,24750,98311,947274,11794,24860,26262,25050,24618
A183300,코미코,20171222,24400,25050,24000,24900,53427,959729,-7309,24950,26465,25025,24612
A183300,코미코,20171221,24950,25050,24150,24400,90324,957044,-12907,25090,26685,25000,24605
A183300,코미코,20171220,24900,25150,24700,25100,64872,943912,-21352,25440,26878,24981,24609
A183300,코미코,20171219,25200,25500,24750,25150,67207,939192,-9471,25680,27032,24957,24602
A183300,코미코,20171218,25600,25650,24900,25200,76374,938906,-23656,25810,27095,24937,24576
A183300,코미코,20171215,26150,26150,25150,25600,91301,941572,-24457,26050,27130,24910,24555
A183300,코미코,20171214,26300,26300,25700,26150,72528,941491,-29780,26070,27155,24874,24537
A183300,코미코,20171213,26000,26350,25700,26300,81743,940558,2363,26090,27168,24828,24517
A183300,코미코,20171212,26200,26550,25700,25800,43250,948043,-1656,26290,27188,24782,24493
A183300,코미코,20171211,25900,26450,25700,26400,54939,945221,-8343,26640,27162,24725,24465
A183300,코미코,20171208,26400,26550,25600,25700,79455,932312,-11352,26870,27192,24663,24435
A183300,코미코,20171207,27200,27400,25600,26250,162471,923382,-27885,27270,27198,24623,24407
A183300,코미코,20171206,27550,28650,27100,27300,147991,925573,12307,27520,27168,24571,24383
A183300,코미코,20171205,27300,27650,27050,27550,95846,931337,22146,27730,27035,24491,24354
A183300,코미코,20171204,27600,28200,26900,27550,139362,926409,-23202,27740,26862,24402,24314
A183300,코미코,20171201,27800,27800,27150,27700,131479,899044,-34071,27990,26682,24328,24275
A183300,코미코,20171130,27500,27950,26900,27500,268596,875168,76693,28310,26482,24262,24226
A183300,코미코,20171129,27450,28400,27400,28350,148320,869178,-546,28460,26285,24207,24162
A183300,코미코,20171128,28800,28900,27150,27600,270722,831210,-47864,28430,26065,24131,24090
A183300,코미코,20171127,29300,29300,27800,28800,229077,827016,53034,28190,25870,24079,24026
A183300,코미코,20171124,28600,29550,28150,29300,287895,833605,-1300,27610,25640,24014,23956
A183300,코미코,20171123,28600,28650,27950,28250,306546,840553,12061,26970,25388,23936,23884
A183300,코미코,20171122,26600,28350,26400,28200,506023,893524,12031,26600,25170,23881,23815
A183300,코미코,20171121,25950,26800,25750,26400,264183,892383,-925,26300,24960,23827,23747
A183300,코미코,20171120,25950,26200,25600,25900,170317,908052,-13710,26080,24785,23799,23687
A183300,코미코,20171117,26300,26300,25700,26100,209704,932604,-309,26300,24625,23772,23624
A183300,코미코,20171116,26900,27300,25650,26400,478483,972643,-28990,26240,24450,23742,23560
A183300,코미코,20171115,26250,26850,25850,26700,920008,1060640,-250559,26090,24248,23708,23492
A183300,코미코,20171114,26000,26000,25150,25300,2758405,1143274,927818,25680,24038,23657,23422
A183300,코미코,20171113,25650,27000,25600,27000,198798,599470,42422,25440,23910,23625,23365
A183300,코미코,20171110,26100,26200,25350,25800,146823,560397,-5503,24830,23690,23575,23297
A183300,코미코,20171109,24700,25850,24350,25650,209799,563787,18670,24410,23542,23539,23242
A183300,코미코,20171108,24100,24800,24100,24650,85955,542940,-1689,23990,23415,23515,23185
A183300,코미코,20171107,23900,24300,23800,24100,42256,516511,5917,23850,23358,23502,23140
A183300,코미코,20171106,23400,23950,23400,23950,36461,512911,0,23770,23335,23509,23098
A183300,코미코,20171103,23600,23950,23550,23700,34969,507651,-4789,23820,23262,23538,23058
A183300,코미코,20171102,24100,24100,23550,23550,28909,504747,-1139,23930,23182,23578,23022
A183300,코미코,20171101,24000,24350,23700,23950,46360,506215,200,24000,23132,23597,22986
A183300,코미코,20171031,24100,24500,23400,23700,47274,510181,625,24010,23068,23603,22947
A183300,코미코,20171030,24500,24500,24000,24200,53638,511626,0,23850,23018,23619,22899
A183300,코미코,20171027,23700,24250,23600,24250,77774,507248,8482,23550,22970,23646,22846
A183300,코미코,20171026,24000,24050,23300,23900,99987,484884,-20300,23220,22928,23668,22795
A183300,코미코,20171025,23000,24050,22950,24000,107665,478698,-600,22910,22895,23715,22751
A183300,코미코,20171024,22700,22900,22500,22900,30544,453000,2066,22610,22878,23759,22707
A183300,코미코,20171023,22600,22800,22350,22700,35996,450544,4357,22580,22930,23811,22678
A183300,코미코,20171020,22250,22600,22150,22600,28329,450143,0,22560,22975,23860,22640
A183300,코미코,20171019,22600,22600,22000,22350,64264,446049,-5880,22610,23018,23911,22602
A183300,코미코,20171018,22750,22750,22200,22500,38986,434801,-10,22760,23070,23969,22569
A183300,코미코,20171017,22600,23000,22400,22750,39589,427595,-932,22960,23122,23999,22535
A183300,코미코,20171016,22550,22800,22150,22600,52272,419830,-6221,23140,23102,24012,22493
A183300,코미코,20171013,22850,22950,22400,22850,80642,400235,-4299,23120,23108,24022,22459
A183300,코미코,20171012,23550,23600,22850,23100,48817,377969,-8606,22970,23130,24047,22412
A183300,코미코,20171011,23300,23800,23200,23500,44318,371197,-1141,22860,23130,24076,22355
A183300,코미코,20171010,22850,23650,22650,23650,78247,374856,-6289,22690,23080,24087,22298
A183300,코미코,20170929,21950,22500,21900,22500,43792,354117,622,22500,23010,24091,22247
A183300,코미코,20170928,22750,22750,21750,22100,90849,342124,-2479,22650,23040,24114,22212
A183300,코미코,20170927,22600,22800,22300,22550,43888,347131,-7989,22910,23120,24150,22185
A183300,코미코,20170926,22450,22800,22050,22650,45222,349234,10,23050,23202,24156,22153
A183300,코미코,20170925,22950,23150,22250,22700,83019,350680,3982,23250,23260,24165,22117
A183300,코미코,20170922,23000,23450,22800,23250,41412,370030,2262,23500,23350,24185,22080
A183300,코미코,20170921,23400,23400,22800,23400,51465,383498,0,23570,23432,24199,22042
A183300,코미코,20170920,23800,23850,23050,23250,66367,381683,-1406,23580,23492,24210,22008
A183300,코미코,20170919,24000,24050,23250,23650,72411,388316,-12930,23610,23578,24237,21975
A183300,코미코,20170918,23800,24150,23600,23950,101587,386610,-18830,23590,23642,24248,21943
A183300,코미코,20170915,23500,23700,23200,23600,52500,386272,0,23270,23682,24216,21928
A183300,코미코,20170914,23300,23700,23100,23450,56301,385459,3248,23090,23718,24199,21911
A183300,코미코,20170913,23750,23850,23250,23400,65882,389792,4120,23060,23760,24199,0
A183300,코미코,20170912,22600,23750,22600,23550,133746,393481,24432,23000,23805,24205,0
A183300,코미코,20170911,22800,23050,22200,22350,62465,370052,-3638,22790,23810,24203,0
A183300,코미코,20170908,23500,23600,22650,22700,67946,370895,3684,22770,23862,24205,0
A183300,코미코,20170907,23050,23450,23050,23300,49268,374380,9042,22850,23928,24206,0
A183300,코미코,20170906,22450,23300,22100,23100,59242,364836,15,22930,23945,24191,0
A183300,코미코,20170905,22350,22700,21750,22500,74794,352779,-12512,23150,24000,24195,0
A183300,코미코,20170904,22100,22750,22050,22250,117934,346258,-6360,23410,24068,24217,0
A183300,코미코,20170901,23700,23800,22950,23100,118415,340119,-4700,23860,24182,24226,0
A183300,코미코,20170831,24300,24300,23500,23700,77251,342825,268,24220,24310,24222,0
A183300,코미코,20170830,23950,24300,23650,24200,88643,345116,-11719,24400,24430,24190,0
A183300,코미코,20170829,24100,24400,23350,23800,141889,323604,432,24550,24455,24118,0
A183300,코미코,20170828,24850,25050,24450,24500,58508,343115,-120,24780,24482,24049,0
A183300,코미코,20170825,24650,24950,24000,24900,89178,345568,-1798,24830,24490,23972,0
A183300,코미코,20170824,24900,25000,24400,24600,94671,326959,0,24710,24535,23898,0
A183300,코미코,20170823,25250,25300,24700,24950,75477,318597,-12278,24650,24585,23832,0
A183300,코미코,20170822,24900,25350,24550,24950,95997,305521,-12985,24520,24672,23750,0
A183300,코미코,20170821,24350,25150,24300,24750,141827,291280,-14571,24260,24758,23667,0
A183300,코미코,20170818,23750,24300,23550,24300,85329,247307,-15119,23990,24820,23574,0
A183300,코미코,20170817,24400,24600,24200,24300,76392,237913,-8437,23930,24888,23475,0
A183300,코미코,20170816,24050,24350,23850,24300,85376,239813,1065,23800,24955,23378,0
A183300,코미코,20170814,23650,24100,23300,23650,93453,235329,-19039,23780,25032,23276,0
A183300,코미코,20170811,23400,24650,23200,23400,144467,230457,-22703,23820,25065,23188,0
A183300,코미코,20170810,23500,24500,22900,24000,160969,233958,166,24050,25072,23105,0
A183300,코미코,20170809,24200,24450,23350,23650,110071,227762,7353,24380,25032,23019,0
A183300,코미코,20170808,24500,24650,23850,24200,83470,228526,922,24870,25065,22945,0
A183300,코미코,20170807,24400,24550,23650,23850,126372,227445,-11268,24970,25098,22854,0
A183300,코미코,20170804,25700,26100,24400,24550,183562,224209,-32961,25070,25112,22778,0
A183300,코미코,20170803,26100,26150,24900,25650,264418,235460,30996,25090,25080,22686,0
A183300,코미코,20170802,24950,26250,24750,26100,159655,244622,14930,25120,24992,22578,0
A183300,코미코,20170801,24400,25100,24100,24700,111027,239427,21019,25020,24900,22468,0
A183300,코미코,20170731,24400,24550,23350,24350,163484,237897,13627,25420,24810,22376,0
A183300,코미코,20170728,25600,25750,24100,24650,209912,235843,-14078,25880,24752,22291,0
A183300,코미코,20170727,25850,26150,25100,25800,146873,233849,-9433,26150,24715,22179,0
A183300,코미코,20170726,26800,27100,25050,25600,375722,226340,-8108,26120,24630,22047,0
A183300,코미코,20170725,26950,27200,26350,26700,343899,213178,31067,26130,24552,21922,0
A183300,코미코,20170724,26250,27000,26200,26650,366654,211798,9567,25960,24460,21788,0
A183300,코미코,20170721,25850,26400,25450,26000,322279,223466,334,25490,24342,21655,0
A183300,코미코,20170720,25800,26200,25400,25650,256096,202906,-2005,25000,24145,21545,0
A183300,코미코,20170719,26000,27350,25400,25650,484552,195387,12361,24510,23992,21420,0
A183300,코미코,20170718,24300,25950,24150,25850,380924,193898,-8514,24240,23882,21294,0
A183300,코미코,20170717,23750,24550,23500,24300,172565,184588,-19897,24040,23778,21169,0
A183300,코미코,20170714,24100,24250,23000,23550,231469,135064,-718,24010,23735,21070,0
A183300,코미코,20170713,24400,25250,22000,23200,445932,131941,-12579,24080,23680,20974,0
A183300,코미코,20170712,25100,25150,24200,24300,187483,113014,-29138,24220,23658,20895,0
A183300,코미코,20170711,24750,25450,24550,24850,385625,113786,-29199,24210,23562,20777,0
A183300,코미코,20170710,24200,24350,23850,24150,94751,102358,303,23820,23488,20634,0
A183300,코미코,20170707,23900,24600,23600,23900,167765,99901,5229,23630,23470,20509,0
A183300,코미코,20170706,24500,24700,23750,23900,122303,99612,4359,23630,23415,20403,0
A183300,코미코,20170705,22900,24500,22900,24250,213300,94765,26190,23670,23362,20309,0
A183300,코미코,20170704,23350,23900,22850,22900,162036,87589,-5132,23630,23240,20219,0
A183300,코미코,20170703,24100,24550,23100,23200,188338,84175,-21536,24020,23088,20150,0
A183300,코미코,20170630,23500,23950,23250,23900,126808,90997,-14168,24240,22912,20069,0
A183300,코미코,20170629,24400,24950,23000,24100,277161,90606,-12200,23870,22712,19975,0
A183300,코미코,20170628,24900,25850,23800,24050,507247,95856,-30387,23570,22530,19885,0
A183300,코미코,20170627,24700,25650,24000,24850,684404,76918,21470,23450,22360,19805,0
A183300,코미코,20170626,22150,24300,22050,24300,467885,98938,26187,23230,22118,19712,0
A183300,코미코,20170623,21950,22150,21500,22050,372928,72049,-136636,23060,21900,19638,0
A183300,코미코,20170622,23500,23600,22550,22600,152988,68029,6867,23140,21758,19641,0
A183300,코미코,20170621,24000,24450,23400,23450,225646,62655,3263,23170,21545,19622,0
A183300,코미코,20170620,23550,24100,23200,23750,243310,67795,-1947,22960,21295,0,0
A183300,코미코,20170619,22450,23750,22150,23450,174083,68806,108,22880,21018,0,0
A183300,코미코,20170616,23050,23550,22350,22450,129932,58419,-522,22950,20765,0,0
A183300,코미코,20170615,22600,23050,22300,22750,137250,55733,176,23020,20562,0,0
A183300,코미코,20170614,23000,23300,22250,22400,258602,43384,-23435,23040,20368,0,0
A183300,코미코,20170613,24000,24200,23000,23350,290584,34463,-10333,22920,20208,0,0
A183300,코미코,20170612,22550,24300,22100,23800,508864,68870,28973,22220,19978,0,0
A183300,코미코,20170609,23150,23750,22700,22800,359649,57269,26134,21400,19752,0,0
A183300,코미코,20170608,22150,23900,21650,22850,947216,56641,110443,20820,19562,0,0
A183300,코미코,20170607,20250,21800,20050,21800,578747,59174,41474,20340,19378,0,0
A183300,코미코,20170605,19800,20100,19600,19850,71044,44079,6411,20110,19262,0,0
A183300,코미코,20170602,20150,20150,19600,19700,94097,42827,-9082,20140,19230,0,0
A183300,코미코,20170601,20450,20550,19650,19900,161045,41697,-3452,20190,19208,0,0
A183300,코미코,20170531,20450,20900,20200,20450,123639,38897,0,20050,19110,0,0
A183300,코미코,20170530,20000,20950,19950,20650,308772,36424,-1235,19630,18980,0,0
A183300,코미코,20170529,20050,20150,19350,20000,162805,36200,-2200,19190,18855,0,0
A183300,코미코,20170526,19750,20950,19650,19950,664324,37789,-33200,18830,18785,0,0
A183300,코미코,20170525,18500,19400,18300,19200,215953,23201,11802,18520,18722,0,0
A183300,코미코,20170524,18450,18600,18300,18350,45496,24885,3467,18360,18732,0,0
A183300,코미코,20170523,18300,18550,17950,18450,87786,16125,1100,18460,18722,0,0
A183300,코미코,20170522,18600,18600,18100,18200,63221,15886,1375,18610,18705,0,0
A183300,코미코,20170519,18400,18600,18200,18400,72029,14962,16720,18720,18712,0,0
A183300,코미코,20170518,18500,18600,18000,18400,157737,14245,-30748,18900,18710,0,0
A183300,코미코,20170517,19150,19200,18800,18850,60545,9582,-3109,19020,18680,0,0
A183300,코미코,20170516,18950,19400,18750,19200,112734,9731,0,19080,18660,0,0
A183300,코미코,20170515,19300,19300,18700,18750,74831,10612,-5439,19140,18560,0,0
A183300,코미코,20170512,18900,19500,18850,19300,136166,15805,-400,19230,18438,0,0
A183300,코미코,20170511,19150,19150,18650,19000,136240,13759,3263,19220,18305,0,0
A183300,코미코,20170510,19550,19600,18900,19150,117443,18084,-9750,19010,18232,0,0
A183300,코미코,20170508,19500,19750,19200,19500,157976,17965,-9704,18750,18188,0,0
A183300,코미코,20170504,19250,19450,18850,19200,114070,27820,4531,18480,18155,0,0
A183300,코미코,20170502,18100,19300,18100,19250,295706,29798,11106,18360,18132,0,0
A183300,코미코,20170428,17850,18950,17850,17950,172175,10558,15895,18250,18088,0,0
A183300,코미코,20170427,18300,18300,17500,17850,126314,9025,-10565,18540,18102,0,0
A183300,코미코,20170426,18550,18950,18100,18150,134036,6790,-32766,18600,18145,0,0
A183300,코미코,20170425,18900,19200,18500,18600,145628,6576,-19094,18590,18200,0,0
A183300,코미코,20170424,19050,19300,18650,18700,192273,7004,-29721,18540,18235,0,0
A183300,코미코,20170421,18350,19450,18250,19400,456680,7204,-897,18470,18292,0,0
A183300,코미코,20170420,18100,18350,17850,18150,111135,9522,18918,18150,18432,0,0
A183300,코미코,20170419,18350,18500,18000,18100,102078,7204,600,18210,18600,0,0
A183300,코미코,20170418,18350,18700,17850,18350,211410,7711,21492,18030,0,0,0
A183300,코미코,20170417,18000,18600,17850,18350,171159,7204,-11710,17620,0,0,0
A183300,코미코,20170414,18400,18750,17800,17800,201099,7419,12100,17280,0,0,0
A183300,코미코,20170413,17450,19200,17300,18450,727520,9628,4803,17230,0,0,0
A183300,코미코,20170412,16900,18850,16900,17200,807352,10279,54018,17190,0,0,0
A183300,코미코,20170411,16700,16900,16100,16300,131401,11413,5108,17520,0,0,0
A183300,코미코,20170410,17600,17600,16350,16650,241157,9300,-9156,18010,0,0,0
A183300,코미코,20170407,18200,18650,17550,17550,447701,7354,-62818,18350,0,0,0
A183300,코미코,20170406,18950,19000,18200,18250,174016,72915,-500,18490,0,0,0
A183300,코미코,20170405,19050,19300,18550,18850,210555,72487,-6,18580,0,0,0
A183300,코미코,20170404,18650,19850,18450,18750,526477,71674,13493,18660,0,0,0
A183300,코미코,20170403,18350,18700,18100,18350,183468,77660,1036,18770,0,0,0
A183300,코미코,20170331,18700,19100,18250,18250,200616,78162,960,19070,0,0,0
A183300,코미코,20170330,19550,19550,18400,18700,302155,78271,1218,19860,0,0,0
A183300,코미코,20170329,19350,20600,19100,19250,504923,80263,-62,20420,0,0,0
A183300,코미코,20170328,19850,20250,18700,19300,619684,79622,-2401,0,0,0,0
A183300,코미코,20170327,22000,22600,19750,19850,943568,78162,-14782,0,0,0,0
A183300,코미코,20170324,21550,25500,20700,22200,4692232,79372,-9823,0,0,0,0
A183300,코미코,20170323,26000,30000,20450,21500,5360396,117627,-297445,0,0,0,0
